q;r;x;y;cx;cy;color;comment
0;0;0.0;0;0;0;#3E5981;
1;0;1.0;0;16;0;#395375;
2;0;2.0;0;31;0;#344F6C;
3;0;3.0;0;47;0;#304A63;
4;0;4.0;0;62;0;#2C4356;
5;0;5.0;0;78;0;#263C48;
6;0;6.0;0;94;0;#1E3035;
7;0;7.0;0;109;0;#1A272C;
8;0;8.0;0;125;0;#1C2A29;
9;0;9.0;0;140;0;#233235;
10;0;10.0;0;156;0;#23322F;
11;0;11.0;0;171;0;#1A1A11;
12;0;12.0;0;187;0;#141308;
13;0;13.0;0;203;0;#151007;
14;0;14.0;0;218;0;#0D0703;
15;0;15.0;0;234;0;#100A04;
16;0;16.0;0;249;0;#1A160A;
17;0;17.0;0;265;0;#0C0804;
18;0;18.0;0;281;0;#120B05;
19;0;19.0;0;296;0;#100A05;
20;0;20.0;0;312;0;#150E06;
21;0;21.0;0;327;0;#120B03;
22;0;22.0;0;343;0;#171107;
23;0;23.0;0;359;0;#161006;
24;0;24.0;0;374;0;#1A170C;
25;0;25.0;0;390;0;#1C190B;
26;0;26.0;0;405;0;#1E1A0C;
27;0;27.0;0;421;0;#120E05;
28;0;28.0;0;436;0;#060501;
29;0;29.0;0;452;0;#120F0A;
30;0;30.0;0;468;0;#38464D;
31;0;31.0;0;483;0;#4A5D79;
32;0;32.0;0;499;0;#4D6488;
33;0;33.0;0;514;0;#536D99;
34;0;34.0;0;530;0;#5773A1;
35;0;35.0;0;546;0;#5A74A0;
36;0;36.0;0;561;0;#42566E;
37;0;37.0;0;577;0;#1E2D2D;
38;0;38.0;0;592;0;#181F16;
39;0;39.0;0;608;0;#14160E;
40;0;40.0;0;624;0;#0F160C;
41;0;41.0;0;639;0;#12180F;
42;0;42.0;0;655;0;#111B12;
43;0;43.0;0;670;0;#10160C;
44;0;44.0;0;686;0;#10150B;
45;0;45.0;0;701;0;#10140A;
46;0;46.0;0;717;0;#0E1108;
47;0;47.0;0;733;0;#11140C;
48;0;48.0;0;748;0;#13160B;
49;0;49.0;0;764;0;#11120A;
50;0;50.0;0;779;0;#0F1209;
51;0;51.0;0;795;0;#101108;
0;1;0.5;1;8;14;#4B699A;
1;1;1.5;1;23;14;#3E5A82;
2;1;2.5;1;39;14;#37557B;
3;1;3.5;1;55;14;#344F70;
4;1;4.5;1;70;14;#2E4862;
5;1;5.5;1;86;14;#223A46;
6;1;6.5;1;101;14;#1E333B;
7;1;7.5;1;117;14;#1A2E34;
8;1;8.5;1;133;14;#21363C;
9;1;9.5;1;148;14;#2D3E43;
10;1;10.5;1;164;14;#222E2C;
11;1;11.5;1;179;14;#16150D;
12;1;12.5;1;195;14;#1B1509;
13;1;13.5;1;210;14;#1E180A;
14;1;14.5;1;226;14;#170F07;
15;1;15.5;1;242;14;#170F07;
16;1;16.5;1;257;14;#100702;
17;1;17.5;1;273;14;#160C04;
18;1;18.5;1;288;14;#1C1107;
19;1;19.5;1;304;14;#190F06;
20;1;20.5;1;320;14;#1A1206;
21;1;21.5;1;335;14;#1D1509;
22;1;22.5;1;351;14;#1A1308;
23;1;23.5;1;366;14;#1A1209;
24;1;24.5;1;382;14;#1B1407;
25;1;25.5;1;398;14;#201B0A;
26;1;26.5;1;413;14;#231D0D;
27;1;27.5;1;429;14;#140E05;
28;1;28.5;1;444;14;#0C0703;
29;1;29.5;1;460;14;#130F09;
30;1;30.5;1;475;14;#2D373A;
31;1;31.5;1;491;14;#495E7C;
32;1;32.5;1;507;14;#617CAF;
33;1;33.5;1;522;14;#6A88BD;
34;1;34.5;1;538;14;#7391C7;
35;1;35.5;1;553;14;#637EB1;
36;1;36.5;1;569;14;#324859;
37;1;37.5;1;585;14;#1D2C29;
38;1;38.5;1;600;14;#131D14;
39;1;39.5;1;616;14;#0D170D;
40;1;40.5;1;631;14;#121C12;
41;1;41.5;1;647;14;#131F15;
42;1;42.5;1;663;14;#121D11;
43;1;43.5;1;678;14;#0F1C11;
44;1;44.5;1;694;14;#131A0E;
45;1;45.5;1;709;14;#14170C;
46;1;46.5;1;725;14;#10140A;
47;1;47.5;1;740;14;#13170B;
48;1;48.5;1;756;14;#11170B;
49;1;49.5;1;772;14;#11150A;
50;1;50.5;1;787;14;#11160B;
51;1;51.5;1;803;14;#11150B;
0;2;0.0;2;0;27;#6585BB;
1;2;1.0;2;16;27;#5B7AAE;
2;2;2.0;2;31;27;#4C6B9B;
3;2;3.0;2;47;27;#456597;
4;2;4.0;2;62;27;#3E5D8A;
5;2;5.0;2;78;27;#304C67;
6;2;6.0;2;94;27;#2A4050;
7;2;7.0;2;109;27;#293F4F;
8;2;8.0;2;125;27;#2A414E;
9;2;9.0;2;140;27;#384E63;
10;2;10.0;2;156;27;#2C3940;
11;2;11.0;2;171;27;#17170C;
12;2;12.0;2;187;27;#1E170D;
13;2;13.0;2;203;27;#211A0C;
14;2;14.0;2;218;27;#181006;
15;2;15.0;2;234;27;#190E07;
16;2;16.0;2;249;27;#120803;
17;2;17.0;2;265;27;#1C1006;
18;2;18.0;2;281;27;#261B0A;
19;2;19.0;2;296;27;#1E1408;
20;2;20.0;2;312;27;#221707;
21;2;21.0;2;327;27;#211907;
22;2;22.0;2;343;27;#211A0A;
23;2;23.0;2;359;27;#1A1307;
24;2;24.0;2;374;27;#1B1108;
25;2;25.0;2;390;27;#1E170A;
26;2;26.0;2;405;27;#221B0C;
27;2;27.0;2;421;27;#221C0B;
28;2;28.0;2;436;27;#160E05;
29;2;29.0;2;452;27;#110804;
30;2;30.0;2;468;27;#16130D;
31;2;31.0;2;483;27;#242C27;
32;2;32.0;2;499;27;#32485A;
33;2;33.0;2;514;27;#506E99;
34;2;34.0;2;530;27;#7797CC;
35;2;35.0;2;546;27;#8CAAE0;
36;2;36.0;2;561;27;#58739D;
37;2;37.0;2;577;27;#243941;
38;2;38.0;2;592;27;#152422;
39;2;39.0;2;608;27;#101D15;
40;2;40.0;2;624;27;#0D1A14;
41;2;41.0;2;639;27;#12211C;
42;2;42.0;2;655;27;#162724;
43;2;43.0;2;670;27;#142621;
44;2;44.0;2;686;27;#11201A;
45;2;45.0;2;701;27;#131C10;
46;2;46.0;2;717;27;#0F150C;
47;2;47.0;2;733;27;#0F170C;
48;2;48.0;2;748;27;#11170D;
49;2;49.0;2;764;27;#10160C;
50;2;50.0;2;779;27;#10170C;
51;2;51.0;2;795;27;#12160B;
0;3;0.5;3;8;41;#7999D1;
1;3;1.5;3;23;41;#5F7FB4;
2;3;2.5;3;39;41;#6486BF;
3;3;3.5;3;55;41;#5274AC;
4;3;4.5;3;70;41;#466593;
5;3;5.5;3;86;41;#3A5575;
6;3;6.5;3;101;41;#3D5572;
7;3;7.5;3;117;41;#3F5773;
8;3;8.5;3;133;41;#415873;
9;3;9.5;3;148;41;#384F66;
10;3;10.5;3;164;41;#12130F;
11;3;11.5;3;179;41;#141209;
12;3;12.5;3;195;41;#211D10;
13;3;13.5;3;210;41;#1E1609;
14;3;14.5;3;226;41;#170D06;
15;3;15.5;3;242;41;#1F140A;
16;3;16.5;3;257;41;#261A09;
17;3;17.5;3;273;41;#2D210E;
18;3;18.5;3;288;41;#291D0A;
19;3;19.5;3;304;41;#251909;
20;3;20.5;3;320;41;#221708;
21;3;21.5;3;335;41;#28200D;
22;3;22.5;3;351;41;#221C0D;
23;3;23.5;3;366;41;#201A0B;
24;3;24.5;3;382;41;#191106;
25;3;25.5;3;398;41;#1F160A;
26;3;26.5;3;413;41;#201608;
27;3;27.5;3;429;41;#231A0C;
28;3;28.5;3;444;41;#130A04;
29;3;29.5;3;460;41;#191009;
30;3;30.5;3;475;41;#1F1E13;
31;3;31.5;3;491;41;#2E404A;
32;3;32.5;3;507;41;#456185;
33;3;33.5;3;522;41;#4F6C9B;
34;3;34.5;3;538;41;#5876A5;
35;3;35.5;3;553;41;#4C6889;
36;3;36.5;3;569;41;#2C4452;
37;3;37.5;3;585;41;#1A2D2E;
38;3;38.5;3;600;41;#142221;
39;3;39.5;3;616;41;#0F1E1B;
40;3;40.5;3;631;41;#11201F;
41;3;41.5;3;647;41;#192C2B;
42;3;42.5;3;663;41;#1E3335;
43;3;43.5;3;678;41;#1D3135;
44;3;44.5;3;694;41;#182A23;
45;3;45.5;3;709;41;#131E12;
46;3;46.5;3;725;41;#132114;
47;3;47.5;3;740;41;#142012;
48;3;48.5;3;756;41;#131E11;
49;3;49.5;3;772;41;#131F11;
50;3;50.5;3;787;41;#131D10;
51;3;51.5;3;803;41;#141A10;
0;4;0.0;4;0;54;#7090C9;
1;4;1.0;4;16;54;#6887C1;
2;4;2.0;4;31;54;#7191C9;
3;4;3.0;4;47;54;#6B8EC8;
4;4;4.0;4;62;54;#688BC4;
5;4;5.0;4;78;54;#5E7DB1;
6;4;6.0;4;94;54;#526C97;
7;4;7.0;4;109;54;#405777;
8;4;8.0;4;125;54;#223540;
9;4;9.0;4;140;54;#122026;
10;4;10.0;4;156;54;#141C16;
11;4;11.0;4;171;54;#131008;
12;4;12.0;4;187;54;#1D160B;
13;4;13.0;4;203;54;#1F1609;
14;4;14.0;4;218;54;#1B1108;
15;4;15.0;4;234;54;#1F1208;
16;4;16.0;4;249;54;#2A1C0C;
17;4;17.0;4;265;54;#32220F;
18;4;18.0;4;281;54;#312412;
19;4;19.0;4;296;54;#2F210C;
20;4;20.0;4;312;54;#271E0C;
21;4;21.0;4;327;54;#271F0D;
22;4;22.0;4;343;54;#20180A;
23;4;23.0;4;359;54;#211C0A;
24;4;24.0;4;374;54;#1F180A;
25;4;25.0;4;390;54;#1E170A;
26;4;26.0;4;405;54;#1F170B;
27;4;27.0;4;421;54;#241B0A;
28;4;28.0;4;436;54;#1C1206;
29;4;29.0;4;452;54;#0F0602;
30;4;30.0;4;468;54;#1D150A;
31;4;31.0;4;483;54;#1F221D;
32;4;32.0;4;499;54;#405670;
33;4;33.0;4;514;54;#6482B5;
34;4;34.0;4;530;54;#7999D0;
35;4;35.0;4;546;54;#56719C;
36;4;36.0;4;561;54;#21363E;
37;4;37.0;4;577;54;#122221;
38;4;38.0;4;592;54;#121F1C;
39;4;39.0;4;608;54;#13211F;
40;4;40.0;4;624;54;#132523;
41;4;41.0;4;639;54;#182C2C;
42;4;42.0;4;655;54;#1D3235;
43;4;43.0;4;670;54;#243A40;
44;4;44.0;4;686;54;#1E3537;
45;4;45.0;4;701;54;#19261B;
46;4;46.0;4;717;54;#152114;
47;4;47.0;4;733;54;#142316;
48;4;48.0;4;748;54;#122313;
49;4;49.0;4;764;54;#112013;
50;4;50.0;4;779;54;#121E11;
51;4;51.0;4;795;54;#10180E;
0;5;0.5;5;8;68;#7394CC;
1;5;1.5;5;23;68;#5D7BAD;
2;5;2.5;5;39;68;#7496CF;
3;5;3.5;5;55;68;#7697D1;
4;5;4.5;5;70;68;#5E7DAC;
5;5;5.5;5;86;68;#304A64;
6;5;6.5;5;101;68;#1B3139;
7;5;7.5;5;117;68;#182B32;
8;5;8.5;5;133;68;#162A30;
9;5;9.5;5;148;68;#1F3137;
10;5;10.5;5;164;68;#17160F;
11;5;11.5;5;179;68;#1D180D;
12;5;12.5;5;195;68;#201A0C;
13;5;13.5;5;210;68;#211709;
14;5;14.5;5;226;68;#281A0D;
15;5;15.5;5;242;68;#352311;
16;5;16.5;5;257;68;#372510;
17;5;17.5;5;273;68;#3E2B15;
18;5;18.5;5;288;68;#342713;
19;5;19.5;5;304;68;#2C2410;
20;5;20.5;5;320;68;#251D0C;
21;5;21.5;5;335;68;#231D0B;
22;5;22.5;5;351;68;#22190B;
23;5;23.5;5;366;68;#1B1207;
24;5;24.5;5;382;68;#20170C;
25;5;25.5;5;398;68;#251E0E;
26;5;26.5;5;413;68;#251B0A;
27;5;27.5;5;429;68;#2A1F0C;
28;5;28.5;5;444;68;#1E1207;
29;5;29.5;5;460;68;#170C06;
30;5;30.5;5;475;68;#1B1409;
31;5;31.5;5;491;68;#1A160C;
32;5;32.5;5;507;68;#2E281E;
33;5;33.5;5;522;68;#585C6A;
34;5;34.5;5;538;68;#7B94C3;
35;5;35.5;5;553;68;#465F7E;
36;5;36.5;5;569;68;#1F3337;
37;5;37.5;5;585;68;#13221F;
38;5;38.5;5;600;68;#0F1C19;
39;5;39.5;5;616;68;#0D1916;
40;5;40.5;5;631;68;#122223;
41;5;41.5;5;647;68;#162A29;
42;5;42.5;5;663;68;#1E3537;
43;5;43.5;5;678;68;#243C41;
44;5;44.5;5;694;68;#1D312F;
45;5;45.5;5;709;68;#121C10;
46;5;46.5;5;725;68;#122118;
47;5;47.5;5;740;68;#0F1F13;
48;5;48.5;5;756;68;#0E1B11;
49;5;49.5;5;772;68;#0F190F;
50;5;50.5;5;787;68;#121E14;
51;5;51.5;5;803;68;#121E14;
0;6;0.0;6;0;81;#6782B6;
1;6;1.0;6;16;81;#6986B8;
2;6;2.0;6;31;81;#4E6A90;
3;6;3.0;6;47;81;#415C7F;
4;6;4.0;6;62;81;#3D597D;
5;6;5.0;6;78;81;#3A567C;
6;6;6.0;6;94;81;#2E485F;
7;6;7.0;6;109;81;#2C4357;
8;6;8.0;6;125;81;#2C4252;
9;6;9.0;6;140;81;#2F4451;
10;6;10.0;6;156;81;#2D3E46;
11;6;11.0;6;171;81;#15130A;
12;6;12.0;6;187;81;#211B10;
13;6;13.0;6;203;81;#2A2110;
14;6;14.0;6;218;81;#342311;
15;6;15.0;6;234;81;#4D311D;
16;6;16.0;6;249;81;#593822;
17;6;17.0;6;265;81;#66422E;
18;6;18.0;6;281;81;#372812;
19;6;19.0;6;296;81;#29200D;
20;6;20.0;6;312;81;#29220F;
21;6;21.0;6;327;81;#241D0D;
22;6;22.0;6;343;81;#241B0B;
23;6;23.0;6;359;81;#211808;
24;6;24.0;6;374;81;#261C0F;
25;6;25.0;6;390;81;#2B2513;
26;6;26.0;6;405;81;#2F2512;
27;6;27.0;6;421;81;#402B15;
28;6;28.0;6;436;81;#392510;
29;6;29.0;6;452;81;#1E1206;
30;6;30.0;6;468;81;#180E07;
31;6;31.0;6;483;81;#191207;
32;6;32.0;6;499;81;#1C0E06;
33;6;33.0;6;514;81;#4B2C15;
34;6;34.0;6;530;81;#4D2E16;
35;6;35.0;6;546;81;#50433E;
36;6;36.0;6;561;81;#36434B;
37;6;37.0;6;577;81;#1C2D31;
38;6;38.0;6;592;81;#172725;
39;6;39.0;6;608;81;#14221C;
40;6;40.0;6;624;81;#13221E;
41;6;41.0;6;639;81;#16282B;
42;6;42.0;6;655;81;#182D2A;
43;6;43.0;6;670;81;#1C3436;
44;6;44.0;6;686;81;#243B3F;
45;6;45.0;6;701;81;#192A22;
46;6;46.0;6;717;81;#142218;
47;6;47.0;6;733;81;#101D16;
48;6;48.0;6;748;81;#111E14;
49;6;49.0;6;764;81;#142119;
50;6;50.0;6;779;81;#13211A;
51;6;51.0;6;795;81;#132117;
0;7;0.5;7;8;95;#95AECD;
1;7;1.5;7;23;95;#425567;
2;7;2.5;7;39;95;#445974;
3;7;3.5;7;55;95;#42576C;
4;7;4.5;7;70;95;#5E7AAA;
5;7;5.5;7;86;95;#4E688F;
6;7;6.5;7;101;95;#425975;
7;7;7.5;7;117;95;#3B5269;
8;7;8.5;7;133;95;#334754;
9;7;9.5;7;148;95;#364A59;
10;7;10.5;7;164;95;#161C1F;
11;7;11.5;7;179;95;#19130B;
12;7;12.5;7;195;95;#2E2612;
13;7;13.5;7;210;95;#48301A;
14;7;14.5;7;226;95;#6D4330;
15;7;15.5;7;242;95;#794838;
16;7;16.5;7;257;95;#82503F;
17;7;17.5;7;273;95;#553724;
18;7;18.5;7;288;95;#2A1D0D;
19;7;19.5;7;304;95;#21160B;
20;7;20.5;7;320;95;#261F0E;
21;7;21.5;7;335;95;#292313;
22;7;22.5;7;351;95;#261E0F;
23;7;23.5;7;366;95;#2A2111;
24;7;24.5;7;382;95;#291E0E;
25;7;25.5;7;398;95;#312311;
26;7;26.5;7;413;95;#53371F;
27;7;27.5;7;429;95;#654027;
28;7;28.5;7;444;95;#492D18;
29;7;29.5;7;460;95;#23160A;
30;7;30.5;7;475;95;#1A1108;
31;7;31.5;7;491;95;#100A04;
32;7;32.5;7;507;95;#38210F;
33;7;33.5;7;522;95;#613B1F;
34;7;34.5;7;538;95;#613A1F;
35;7;35.5;7;553;95;#5A381D;
36;7;36.5;7;569;95;#403524;
37;7;37.5;7;585;95;#1D2A25;
38;7;38.5;7;600;95;#182520;
39;7;39.5;7;616;95;#132118;
40;7;40.5;7;631;95;#1A2A28;
41;7;41.5;7;647;95;#1D3232;
42;7;42.5;7;663;95;#1F3436;
43;7;43.5;7;678;95;#1C3133;
44;7;44.5;7;694;95;#223435;
45;7;45.5;7;709;95;#142117;
46;7;46.5;7;725;95;#13231E;
47;7;47.5;7;740;95;#17261E;
48;7;48.5;7;756;95;#17261C;
49;7;49.5;7;772;95;#14241C;
50;7;50.5;7;787;95;#142318;
51;7;51.5;7;803;95;#142116;
0;8;0.0;8;0;108;#B8D5F3;
1;8;1.0;8;16;108;#8DA9D7;
2;8;2.0;8;31;108;#C0D7EB;
3;8;3.0;8;47;108;#809BBD;
4;8;4.0;8;62;108;#5977A6;
5;8;5.0;8;78;108;#5977A7;
6;8;6.0;8;94;108;#4D668D;
7;8;7.0;8;109;108;#556E98;
8;8;8.0;8;125;108;#4B6183;
9;8;9.0;8;140;108;#53678C;
10;8;10.0;8;156;108;#44587A;
11;8;11.0;8;171;108;#0E0A0B;
12;8;12.0;8;187;108;#272012;
13;8;13.0;8;203;108;#513A25;
14;8;14.0;8;218;108;#7A4B38;
15;8;15.0;8;234;108;#905648;
16;8;16.0;8;249;108;#995B51;
17;8;17.0;8;265;108;#8A564A;
18;8;18.0;8;281;108;#442D1B;
19;8;19.0;8;296;108;#28190B;
20;8;20.0;8;312;108;#1D1409;
21;8;21.0;8;327;108;#251C0D;
22;8;22.0;8;343;108;#2A210F;
23;8;23.0;8;359;108;#2F2510;
24;8;24.0;8;374;108;#2F230F;
25;8;25.0;8;390;108;#31220E;
26;8;26.0;8;405;108;#563922;
27;8;27.0;8;421;108;#734833;
28;8;28.0;8;436;108;#72462E;
29;8;29.0;8;452;108;#52331B;
30;8;30.0;8;468;108;#24180A;
31;8;31.0;8;483;108;#0F0703;
32;8;32.0;8;499;108;#150B04;
33;8;33.0;8;514;108;#4C301A;
34;8;34.0;8;530;108;#73492F;
35;8;35.0;8;546;108;#73472C;
36;8;36.0;8;561;108;#6B4328;
37;8;37.0;8;577;108;#50371E;
38;8;38.0;8;592;108;#232A20;
39;8;39.0;8;608;108;#15201A;
40;8;40.0;8;624;108;#13221F;
41;8;41.0;8;639;108;#1A2D31;
42;8;42.0;8;655;108;#1C3031;
43;8;43.0;8;670;108;#1B3131;
44;8;44.0;8;686;108;#1B3233;
45;8;45.0;8;701;108;#213129;
46;8;46.0;8;717;108;#1D302D;
47;8;47.0;8;733;108;#1B2F2F;
48;8;48.0;8;748;108;#1A2C2B;
49;8;49.0;8;764;108;#192D29;
50;8;50.0;8;779;108;#152823;
51;8;51.0;8;795;108;#15261F;
0;9;0.5;9;8;122;#B9D7F0;
1;9;1.5;9;23;122;#ABC3E9;
2;9;2.5;9;39;122;#E5F3F3;
3;9;3.5;9;55;122;#C9E0EF;
4;9;4.5;9;70;122;#85A6D7;
5;9;5.5;9;86;122;#5672A3;
6;9;6.5;9;101;122;#4B658A;
7;9;7.5;9;117;122;#415978;
8;9;8.5;9;133;122;#3A4D63;
9;9;9.5;9;148;122;#394D63;
10;9;10.5;9;164;122;#191C20;
11;9;11.5;9;179;122;#1C150D;
12;9;12.5;9;195;122;#493622;
13;9;13.5;9;210;122;#794D3A;
14;9;14.5;9;226;122;#935B4C;
15;9;15.5;9;242;122;#9E6659;
16;9;16.5;9;257;122;#A36A62;
17;9;17.5;9;273;122;#946157;
18;9;18.5;9;288;122;#664636;
19;9;19.5;9;304;122;#302012;
20;9;20.5;9;320;122;#291D0C;
21;9;21.5;9;335;122;#2B210F;
22;9;22.5;9;351;122;#352814;
23;9;23.5;9;366;122;#43321C;
24;9;24.5;9;382;122;#43301A;
25;9;25.5;9;398;122;#5E412B;
26;9;26.5;9;413;122;#7F523F;
27;9;27.5;9;429;122;#835138;
28;9;28.5;9;444;122;#704125;
29;9;29.5;9;460;122;#50361C;
30;9;30.5;9;475;122;#20160A;
31;9;31.5;9;491;122;#1D1309;
32;9;32.5;9;507;122;#452C18;
33;9;33.5;9;522;122;#754E37;
34;9;34.5;9;538;122;#7D503A;
35;9;35.5;9;553;122;#7F513A;
36;9;36.5;9;569;122;#764A30;
37;9;37.5;9;585;122;#5F3E23;
38;9;38.5;9;600;122;#2E2B1F;
39;9;39.5;9;616;122;#101C19;
40;9;40.5;9;631;122;#192C30;
41;9;41.5;9;647;122;#253E49;
42;9;42.5;9;663;122;#253F4A;
43;9;43.5;9;678;122;#253E48;
44;9;44.5;9;694;122;#2A4047;
45;9;45.5;9;709;122;#18241B;
46;9;46.5;9;725;122;#1C3132;
47;9;47.5;9;740;122;#1E3231;
48;9;48.5;9;756;122;#1B3031;
49;9;49.5;9;772;122;#1B302C;
50;9;50.5;9;787;122;#172B2A;
51;9;51.5;9;803;122;#152A25;
0;10;0.0;10;0;135;#D4ECF2;
1;10;1.0;10;16;135;#A5C2EC;
2;10;2.0;10;31;135;#CCE6F4;
3;10;3.0;10;47;135;#E5F3F3;
4;10;4.0;10;62;135;#DAF1F3;
5;10;5.0;10;78;135;#ACCAEA;
6;10;6.0;10;94;135;#627CAB;
7;10;7.0;10;109;135;#536A92;
8;10;8.0;10;125;135;#2C292A;
9;10;9.0;10;140;135;#37382E;
10;10;10.0;10;156;135;#3B3529;
11;10;11.0;10;171;135;#17110E;
12;10;12.0;10;187;135;#2F2416;
13;10;13.0;10;203;135;#6C4632;
14;10;14.0;10;218;135;#8D5445;
15;10;15.0;10;234;135;#9B6053;
16;10;16.0;10;249;135;#A56B62;
17;10;17.0;10;265;135;#AD7773;
18;10;18.0;10;281;135;#A87772;
19;10;19.0;10;296;135;#855B4C;
20;10;20.0;10;312;135;#533B27;
21;10;21.0;10;327;135;#493420;
22;10;22.0;10;343;135;#4E3824;
23;10;23.0;10;359;135;#634532;
24;10;24.0;10;374;135;#704E3A;
25;10;25.0;10;390;135;#7F5644;
26;10;26.0;10;405;135;#8B5E4A;
27;10;27.0;10;421;135;#8F5D46;
28;10;28.0;10;436;135;#7A4A2C;
29;10;29.0;10;452;135;#6B4124;
30;10;30.0;10;468;135;#3D2D13;
31;10;31.0;10;483;135;#180C05;
32;10;32.0;10;499;135;#4E2F1B;
33;10;33.0;10;514;135;#754934;
34;10;34.0;10;530;135;#805542;
35;10;35.0;10;546;135;#855843;
36;10;36.0;10;561;135;#895944;
37;10;37.0;10;577;135;#81533B;
38;10;38.0;10;592;135;#6C4529;
39;10;39.0;10;608;135;#42311E;
40;10;40.0;10;624;135;#1A2A28;
41;10;41.0;10;639;135;#263E46;
42;10;42.0;10;655;135;#29434F;
43;10;43.0;10;670;135;#243D46;
44;10;44.0;10;686;135;#26414A;
45;10;45.0;10;701;135;#223029;
46;10;46.0;10;717;135;#162623;
47;10;47.0;10;733;135;#172B27;
48;10;48.0;10;748;135;#182C2A;
49;10;49.0;10;764;135;#1B3031;
50;10;50.0;10;779;135;#192D2B;
51;10;51.0;10;795;135;#182B2A;
0;11;0.5;11;8;149;#C8E0F1;
1;11;1.5;11;23;149;#B7CEF0;
2;11;2.5;11;39;149;#CDE7F2;
3;11;3.5;11;55;149;#DBF0F2;
4;11;4.5;11;70;149;#CAE3F2;
5;11;5.5;11;86;149;#8597BA;
6;11;6.5;11;101;149;#352E3C;
7;11;7.5;11;117;149;#311313;
8;11;8.5;11;133;149;#4E2F23;
9;11;9.5;11;148;149;#5B4D43;
10;11;10.5;11;164;149;#5C362B;
11;11;11.5;11;179;149;#1F130D;
12;11;12.5;11;195;149;#4E3725;
13;11;13.5;11;210;149;#834C3C;
14;11;14.5;11;226;149;#915448;
15;11;15.5;11;242;149;#9C5D51;
16;11;16.5;11;257;149;#A86F64;
17;11;17.5;11;273;149;#AC7A72;
18;11;18.5;11;288;149;#AD7E76;
19;11;19.5;11;304;149;#A87C75;
20;11;20.5;11;320;149;#91685B;
21;11;21.5;11;335;149;#976F61;
22;11;22.5;11;351;149;#9C6F63;
23;11;23.5;11;366;149;#9F7263;
24;11;24.5;11;382;149;#9E6B5D;
25;11;25.5;11;398;149;#996857;
26;11;26.5;11;413;149;#905E47;
27;11;27.5;11;429;149;#865236;
28;11;28.5;11;444;149;#7B4A2D;
29;11;29.5;11;460;149;#5B3E24;
30;11;30.5;11;475;149;#221508;
31;11;31.5;11;491;149;#472C1A;
32;11;32.5;11;507;149;#6A4028;
33;11;33.5;11;522;149;#774D37;
34;11;34.5;11;538;149;#865948;
35;11;35.5;11;553;149;#8E5E4B;
36;11;36.5;11;569;149;#92624F;
37;11;37.5;11;585;149;#8B5C45;
38;11;38.5;11;600;149;#774F35;
39;11;39.5;11;616;149;#523A25;
40;11;40.5;11;631;149;#202F2D;
41;11;41.5;11;647;149;#23383B;
42;11;42.5;11;663;149;#213539;
43;11;43.5;11;678;149;#263E46;
44;11;44.5;11;694;149;#243939;
45;11;45.5;11;709;149;#151E14;
46;11;46.5;11;725;149;#152824;
47;11;47.5;11;740;149;#162623;
48;11;48.5;11;756;149;#162722;
49;11;49.5;11;772;149;#1C3130;
50;11;50.5;11;787;149;#1D312E;
51;11;51.5;11;803;149;#192E2A;
0;12;0.0;12;0;162;#C1D9F2;
1;12;1.0;12;16;162;#A1BAE8;
2;12;2.0;12;31;162;#CAE4F4;
3;12;3.0;12;47;162;#B6D0EE;
4;12;4.0;12;62;162;#8590A3;
5;12;5.0;12;78;162;#3E2D33;
6;12;6.0;12;94;162;#32100E;
7;12;7.0;12;109;162;#43130D;
8;12;8.0;12;125;162;#5E2D1D;
9;12;9.0;12;140;162;#664A3D;
10;12;10.0;12;156;162;#69483D;
11;12;11.0;12;171;162;#492B21;
12;12;12.0;12;187;162;#2A1D10;
13;12;13.0;12;203;162;#68432E;
14;12;14.0;12;218;162;#8F5445;
15;12;15.0;12;234;162;#9A5F50;
16;12;16.0;12;249;162;#9E6553;
17;12;17.0;12;265;162;#A56E61;
18;12;18.0;12;281;162;#AA786E;
19;12;19.0;12;296;162;#AB796F;
20;12;20.0;12;312;162;#A9766B;
21;12;21.0;12;327;162;#AF7F76;
22;12;22.0;12;343;162;#B2847C;
23;12;23.0;12;359;162;#AD7E74;
24;12;24.0;12;374;162;#A9766B;
25;12;25.0;12;390;162;#A66F62;
26;12;26.0;12;405;162;#9C6754;
27;12;27.0;12;421;162;#905841;
28;12;28.0;12;436;162;#824F34;
29;12;29.0;12;452;162;#6D4327;
30;12;30.0;12;468;162;#31200D;
31;12;31.0;12;483;162;#472B18;
32;12;32.0;12;499;162;#70452C;
33;12;33.0;12;514;162;#72472C;
34;12;34.0;12;530;162;#7D513C;
35;12;35.0;12;546;162;#8D5D4B;
36;12;36.0;12;561;162;#946551;
37;12;37.0;12;577;162;#94634F;
38;12;38.0;12;592;162;#8E604D;
39;12;39.0;12;608;162;#825740;
40;12;40.0;12;624;162;#61412A;
41;12;41.0;12;639;162;#212E2C;
42;12;42.0;12;655;162;#223539;
43;12;43.0;12;670;162;#243A3F;
44;12;44.0;12;686;162;#203637;
45;12;45.0;12;701;162;#243023;
46;12;46.0;12;717;162;#0F1B12;
47;12;47.0;12;733;162;#15261E;
48;12;48.0;12;748;162;#162924;
49;12;49.0;12;764;162;#15231F;
50;12;50.0;12;779;162;#1A2E2A;
51;12;51.0;12;795;162;#203432;
0;13;0.5;13;8;176;#A9C3EE;
1;13;1.5;13;23;176;#A0B9E7;
2;13;2.5;13;39;176;#7986A1;
3;13;3.5;13;55;176;#3B2823;
4;13;4.5;13;70;176;#371C0F;
5;13;5.5;13;86;176;#3D120B;
6;13;6.5;13;101;176;#521F12;
7;13;7.5;13;117;176;#622F1E;
8;13;8.5;13;133;176;#6E3825;
9;13;9.5;13;148;176;#71584D;
10;13;10.5;13;164;176;#764735;
11;13;11.5;13;179;176;#21120A;
12;13;12.5;13;195;176;#4E3523;
13;13;13.5;13;210;176;#7B4B38;
14;13;14.5;13;226;176;#975B4B;
15;13;15.5;13;242;176;#9C6252;
16;13;16.5;13;257;176;#9E6657;
17;13;17.5;13;273;176;#A16C5F;
18;13;18.5;13;288;176;#A26D5D;
19;13;19.5;13;304;176;#A36F63;
20;13;20.5;13;320;176;#A87165;
21;13;21.5;13;335;176;#AA7367;
22;13;22.5;13;351;176;#AA7467;
23;13;23.5;13;366;176;#A87165;
24;13;24.5;13;382;176;#A36B5C;
25;13;25.5;13;398;176;#9C6553;
26;13;26.5;13;413;176;#8E573E;
27;13;27.5;13;429;176;#8C593C;
28;13;28.5;13;444;176;#764A2E;
29;13;29.5;13;460;176;#452C16;
30;13;30.5;13;475;176;#4B2D19;
31;13;31.5;13;491;176;#724730;
32;13;32.5;13;507;176;#784B35;
33;13;33.5;13;522;176;#7B4F3A;
34;13;34.5;13;538;176;#875944;
35;13;35.5;13;553;176;#8E5F4A;
36;13;36.5;13;569;176;#93614D;
37;13;37.5;13;585;176;#936350;
38;13;38.5;13;600;176;#90614D;
39;13;39.5;13;616;176;#85563F;
40;13;40.5;13;631;176;#62432C;
41;13;41.5;13;647;176;#2B3C42;
42;13;42.5;13;663;176;#2A3F48;
43;13;43.5;13;678;176;#243B3E;
44;13;44.5;13;694;176;#223632;
45;13;45.5;13;709;176;#161F14;
46;13;46.5;13;725;176;#12221D;
47;13;47.5;13;740;176;#1C3131;
48;13;48.5;13;756;176;#1C2F30;
49;13;49.5;13;772;176;#152724;
50;13;50.5;13;787;176;#1A2C28;
51;13;51.5;13;803;176;#23373A;
0;14;0.0;14;0;189;#B6D1F3;
1;14;1.0;14;16;189;#93ACDA;
2;14;2.0;14;31;189;#3E3942;
3;14;3.0;14;47;189;#392216;
4;14;4.0;14;62;189;#3C2211;
5;14;5.0;14;78;189;#4E2815;
6;14;6.0;14;94;189;#602F1B;
7;14;7.0;14;109;189;#63321E;
8;14;8.0;14;125;189;#743B28;
9;14;9.0;14;140;189;#734334;
10;14;10.0;14;156;189;#7A4B3D;
11;14;11.0;14;171;189;#583323;
12;14;12.0;14;187;189;#402B1D;
13;14;13.0;14;203;189;#68412D;
14;14;14.0;14;218;189;#895644;
15;14;15.0;14;234;189;#975C4D;
16;14;16.0;14;249;189;#9D6053;
17;14;17.0;14;265;189;#9F6455;
18;14;18.0;14;281;189;#A0695B;
19;14;19.0;14;296;189;#A8766B;
20;14;20.0;14;312;189;#AB7A6D;
21;14;21.0;14;327;189;#A77362;
22;14;22.0;14;343;189;#A87064;
23;14;23.0;14;359;189;#A87267;
24;14;24.0;14;374;189;#A46B5D;
25;14;25.0;14;390;189;#9E6450;
26;14;26.0;14;405;189;#955A47;
27;14;27.0;14;421;189;#8E553D;
28;14;28.0;14;436;189;#7D492F;
29;14;29.0;14;452;189;#5C3B20;
30;14;30.0;14;468;189;#361E0E;
31;14;31.0;14;483;189;#734832;
32;14;32.0;14;499;189;#754A36;
33;14;33.0;14;514;189;#7C503B;
34;14;34.0;14;530;189;#825541;
35;14;35.0;14;546;189;#855844;
36;14;36.0;14;561;189;#885943;
37;14;37.0;14;577;189;#8C5E47;
38;14;38.0;14;592;189;#8F604C;
39;14;39.0;14;608;189;#8B5C45;
40;14;40.0;14;624;189;#7E523A;
41;14;41.0;14;639;189;#614432;
42;14;42.0;14;655;189;#324756;
43;14;43.0;14;670;189;#314858;
44;14;44.0;14;686;189;#2E4651;
45;14;45.0;14;701;189;#2B3930;
46;14;46.0;14;717;189;#132019;
47;14;47.0;14;733;189;#1E3434;
48;14;48.0;14;748;189;#243A3C;
49;14;49.0;14;764;189;#203537;
50;14;50.0;14;779;189;#1E3230;
51;14;51.0;14;795;189;#1D312E;
0;15;0.5;15;8;203;#8FA5C9;
1;15;1.5;15;23;203;#31211F;
2;15;2.5;15;39;203;#402718;
3;15;3.5;15;55;203;#502F1C;
4;15;4.5;15;70;203;#5C3523;
5;15;5.5;15;86;203;#6D3A25;
6;15;6.5;15;101;203;#713924;
7;15;7.5;15;117;203;#723D2A;
8;15;8.5;15;133;203;#7D4230;
9;15;9.5;15;148;203;#784F44;
10;15;10.5;15;164;203;#854F42;
11;15;11.5;15;179;203;#41271B;
12;15;12.5;15;195;203;#613E2A;
13;15;13.5;15;210;203;#6C4531;
14;15;14.5;15;226;203;#8B5A4A;
15;15;15.5;15;242;203;#9D685F;
16;15;16.5;15;257;203;#9E685B;
17;15;17.5;15;273;203;#A26B61;
18;15;18.5;15;288;203;#A56D63;
19;15;19.5;15;304;203;#AA746A;
20;15;20.5;15;320;203;#A87568;
21;15;21.5;15;335;203;#AB7B6F;
22;15;22.5;15;351;203;#AE7E73;
23;15;23.5;15;366;203;#A66F64;
24;15;24.5;15;382;203;#9F6657;
25;15;25.5;15;398;203;#915845;
26;15;26.5;15;413;203;#8C533E;
27;15;27.5;15;429;203;#844E36;
28;15;28.5;15;444;203;#6A4229;
29;15;29.5;15;460;203;#482C1A;
30;15;30.5;15;475;203;#70432A;
31;15;31.5;15;491;203;#784B38;
32;15;32.5;15;507;203;#7E4F3B;
33;15;33.5;15;522;203;#7F513D;
34;15;34.5;15;538;203;#82543F;
35;15;35.5;15;553;203;#845540;
36;15;36.5;15;569;203;#83553E;
37;15;37.5;15;585;203;#845740;
38;15;38.5;15;600;203;#865841;
39;15;39.5;15;616;203;#81533E;
40;15;40.5;15;631;203;#7B5038;
41;15;41.5;15;647;203;#5A463C;
42;15;42.5;15;663;203;#3F5771;
43;15;43.5;15;678;203;#3B536C;
44;15;44.5;15;694;203;#344A57;
45;15;45.5;15;709;203;#19251B;
46;15;46.5;15;725;203;#1D3030;
47;15;47.5;15;740;203;#25393C;
48;15;48.5;15;756;203;#263C3F;
49;15;49.5;15;772;203;#203637;
50;15;50.5;15;787;203;#1E3232;
51;15;51.5;15;803;203;#203430;
0;16;0.0;16;0;216;#7085AD;
1;16;1.0;16;16;216;#362422;
2;16;2.0;16;31;216;#503020;
3;16;3.0;16;47;216;#643B29;
4;16;4.0;16;62;216;#6B412F;
5;16;5.0;16;78;216;#754835;
6;16;6.0;16;94;216;#7A4733;
7;16;7.0;16;109;216;#753F2C;
8;16;8.0;16;125;216;#794331;
9;16;9.0;16;140;216;#774132;
10;16;10.0;16;156;216;#7C5042;
11;16;11.0;16;171;216;#643B29;
12;16;12.0;16;187;216;#523623;
13;16;13.0;16;203;216;#63402B;
14;16;14.0;16;218;216;#593D27;
15;16;15.0;16;234;216;#5D3F29;
16;16;16.0;16;249;216;#805647;
17;16;17.0;16;265;216;#9B6B62;
18;16;18.0;16;281;216;#A3736A;
19;16;19.0;16;296;216;#A7716A;
20;16;20.0;16;312;216;#A97269;
21;16;21.0;16;327;216;#A66E62;
22;16;22.0;16;343;216;#A67265;
23;16;23.0;16;359;216;#A77065;
24;16;24.0;16;374;216;#A36F64;
25;16;25.0;16;390;216;#986356;
26;16;26.0;16;405;216;#905B49;
27;16;27.0;16;421;216;#7A4C36;
28;16;28.0;16;436;216;#6A3A22;
29;16;29.0;16;452;216;#664128;
30;16;30.0;16;468;216;#53311E;
31;16;31.0;16;483;216;#774833;
32;16;32.0;16;499;216;#7E4F3E;
33;16;33.0;16;514;216;#7E503D;
34;16;34.0;16;530;216;#81523E;
35;16;35.0;16;546;216;#82543C;
36;16;36.0;16;561;216;#845640;
37;16;37.0;16;577;216;#80553E;
38;16;38.0;16;592;216;#835641;
39;16;39.0;16;608;216;#7F533A;
40;16;40.0;16;624;216;#7C5039;
41;16;41.0;16;639;216;#7A5139;
42;16;42.0;16;655;216;#554E51;
43;16;43.0;16;670;216;#415876;
44;16;44.0;16;686;216;#384E61;
45;16;45.0;16;701;216;#2C3A36;
46;16;46.0;16;717;216;#192827;
47;16;47.0;16;733;216;#223839;
48;16;48.0;16;748;216;#273C40;
49;16;49.0;16;764;216;#24393E;
50;16;50.0;16;779;216;#223638;
51;16;51.0;16;795;216;#1F3331;
0;17;0.5;17;8;230;#3C292A;
1;17;1.5;17;23;230;#5A3928;
2;17;2.5;17;39;230;#6D412E;
3;17;3.5;17;55;230;#784939;
4;17;4.5;17;70;230;#7C4D3C;
5;17;5.5;17;86;230;#804E3C;
6;17;6.5;17;101;230;#7D4737;
7;17;7.5;17;117;230;#7A4534;
8;17;8.5;17;133;230;#784231;
9;17;9.5;17;148;230;#71412E;
10;17;10.5;17;164;230;#734937;
11;17;11.5;17;179;230;#553524;
12;17;12.5;17;195;230;#613C27;
13;17;13.5;17;210;230;#65432F;
14;17;14.5;17;226;230;#7E5041;
15;17;15.5;17;242;230;#794B3C;
16;17;16.5;17;257;230;#634230;
17;17;17.5;17;273;230;#6D4A3B;
18;17;18.5;17;288;230;#81584B;
19;17;19.5;17;304;230;#9A6B61;
20;17;20.5;17;320;230;#A06B60;
21;17;21.5;17;335;230;#A47267;
22;17;22.5;17;351;230;#A6776D;
23;17;23.5;17;366;230;#956A5D;
24;17;24.5;17;382;230;#794C39;
25;17;25.5;17;398;230;#663522;
26;17;26.5;17;413;230;#5C2714;
27;17;27.5;17;429;230;#550E04;
28;17;28.5;17;444;230;#582F1C;
29;17;29.5;17;460;230;#53331D;
30;17;30.5;17;475;230;#72412C;
31;17;31.5;17;491;230;#774935;
32;17;32.5;17;507;230;#7C4F3A;
33;17;33.5;17;522;230;#80513E;
34;17;34.5;17;538;230;#875641;
35;17;35.5;17;553;230;#865843;
36;17;36.5;17;569;230;#835742;
37;17;37.5;17;585;230;#7F553A;
38;17;38.5;17;600;230;#7C533B;
39;17;39.5;17;616;230;#7D513A;
40;17;40.5;17;631;230;#7C5039;
41;17;41.5;17;647;230;#774E37;
42;17;42.5;17;663;230;#4E4C53;
43;17;43.5;17;678;230;#3B546E;
44;17;44.5;17;694;230;#364B59;
45;17;45.5;17;709;230;#1B231B;
46;17;46.5;17;725;230;#1F3030;
47;17;47.5;17;740;230;#233839;
48;17;48.5;17;756;230;#273B3F;
49;17;49.5;17;772;230;#203432;
50;17;50.5;17;787;230;#203434;
51;17;51.5;17;803;230;#1E312F;
0;18;0.0;18;0;243;#432C28;
1;18;1.0;18;16;243;#5E3A2A;
2;18;2.0;18;31;243;#6F4335;
3;18;3.0;18;47;243;#794737;
4;18;4.0;18;62;243;#804D3E;
5;18;5.0;18;78;243;#845042;
6;18;6.0;18;94;243;#8D564B;
7;18;7.0;18;109;243;#8B5244;
8;18;8.0;18;125;243;#804A3A;
9;18;9.0;18;140;243;#72402A;
10;18;10.0;18;156;243;#70402F;
11;18;11.0;18;171;243;#724736;
12;18;12.0;18;187;243;#56331E;
13;18;13.0;18;203;243;#6D4330;
14;18;14.0;18;218;243;#754A38;
15;18;15.0;18;234;243;#784B3C;
16;18;16.0;18;249;243;#7A4D40;
17;18;17.0;18;265;243;#6C4838;
18;18;18.0;18;281;243;#784F40;
19;18;19.0;18;296;243;#805445;
20;18;20.0;18;312;243;#8E5C4D;
21;18;21.0;18;327;243;#A3655A;
22;18;22.0;18;343;243;#9A5C4D;
23;18;23.0;18;359;243;#874C3A;
24;18;24.0;18;374;243;#743D29;
25;18;25.0;18;390;243;#73351C;
26;18;26.0;18;405;243;#864024;
27;18;27.0;18;421;243;#8A270E;
28;18;28.0;18;436;243;#6B2210;
29;18;29.0;18;452;243;#643E27;
30;18;30.0;18;468;243;#683F29;
31;18;31.0;18;483;243;#6C4028;
32;18;32.0;18;499;243;#754730;
33;18;33.0;18;514;243;#7A4C37;
34;18;34.0;18;530;243;#82523D;
35;18;35.0;18;546;243;#895742;
36;18;36.0;18;561;243;#865842;
37;18;37.0;18;577;243;#81553F;
38;18;38.0;18;592;243;#7B5237;
39;18;39.0;18;608;243;#7D5238;
40;18;40.0;18;624;243;#794F36;
41;18;41.0;18;639;243;#7F533C;
42;18;42.0;18;655;243;#734C34;
43;18;43.0;18;670;243;#48474A;
44;18;44.0;18;686;243;#3A5166;
45;18;45.0;18;701;243;#2D3A39;
46;18;46.0;18;717;243;#17231D;
47;18;47.0;18;733;243;#1B2E2B;
48;18;48.0;18;748;243;#253A3D;
49;18;49.0;18;764;243;#213537;
50;18;50.0;18;779;243;#1D302E;
51;18;51.0;18;795;243;#1C302C;
0;19;0.5;19;8;257;#56362A;
1;19;1.5;19;23;257;#6D4332;
2;19;2.5;19;39;257;#784939;
3;19;3.5;19;55;257;#814E40;
4;19;4.5;19;70;257;#865446;
5;19;5.5;19;86;257;#8A574A;
6;19;6.5;19;101;257;#8C554A;
7;19;7.5;19;117;257;#845042;
8;19;8.5;19;133;257;#73412B;
9;19;9.5;19;148;257;#6A3A25;
10;19;10.5;19;164;257;#71402D;
11;19;11.5;19;179;257;#613A27;
12;19;12.5;19;195;257;#643C26;
13;19;13.5;19;210;257;#835340;
14;19;14.5;19;226;257;#764C3F;
15;19;15.5;19;242;257;#6E534D;
16;19;16.5;19;257;257;#524C3D;
17;19;17.5;19;273;257;#675244;
18;19;18.5;19;288;257;#784B3B;
19;19;19.5;19;304;257;#815142;
20;19;20.5;19;320;257;#935C4C;
21;19;21.5;19;335;257;#976052;
22;19;22.5;19;351;257;#7C3E2B;
23;19;23.5;19;366;257;#733E27;
24;19;24.5;19;382;257;#55412D;
25;19;25.5;19;398;257;#523E2B;
26;19;26.5;19;413;257;#5D3723;
27;19;27.5;19;429;257;#723B25;
28;19;28.5;19;444;257;#69422B;
29;19;29.5;19;460;257;#6D422A;
30;19;30.5;19;475;257;#62371F;
31;19;31.5;19;491;257;#6C4026;
32;19;32.5;19;507;257;#74452F;
33;19;33.5;19;522;257;#7D4C36;
34;19;34.5;19;538;257;#84543F;
35;19;35.5;19;553;257;#84543F;
36;19;36.5;19;569;257;#82543C;
37;19;37.5;19;585;257;#7F5338;
38;19;38.5;19;600;257;#81563D;
39;19;39.5;19;616;257;#7D5339;
40;19;40.5;19;631;257;#825642;
41;19;41.5;19;647;257;#81553F;
42;19;42.5;19;663;257;#734C32;
43;19;43.5;19;678;257;#484238;
44;19;44.5;19;694;257;#3E5368;
45;19;45.5;19;709;257;#19231B;
46;19;46.5;19;725;257;#182720;
47;19;47.5;19;740;257;#24383A;
48;19;48.5;19;756;257;#1E3134;
49;19;49.5;19;772;257;#1A2A25;
50;19;50.5;19;787;257;#17251D;
51;19;51.5;19;803;257;#172521;
0;20;0.0;20;0;270;#492D22;
1;20;1.0;20;16;270;#633B2B;
2;20;2.0;20;31;270;#744A38;
3;20;3.0;20;47;270;#815247;
4;20;4.0;20;62;270;#835246;
5;20;5.0;20;78;270;#805141;
6;20;6.0;20;94;270;#724431;
7;20;7.0;20;109;270;#6A3D2C;
8;20;8.0;20;125;270;#653C29;
9;20;9.0;20;140;270;#673825;
10;20;10.0;20;156;270;#673A27;
11;20;11.0;20;171;270;#683A29;
12;20;12.0;20;187;270;#56311D;
13;20;13.0;20;203;270;#734734;
14;20;14.0;20;218;270;#87584C;
15;20;15.0;20;234;270;#8B5C53;
16;20;16.0;20;249;270;#886263;
17;20;17.0;20;265;270;#82605F;
18;20;18.0;20;281;270;#905C59;
19;20;19.0;20;296;270;#95645A;
20;20;20.0;20;312;270;#8C5D4F;
21;20;21.0;20;327;270;#9D5E4C;
22;20;22.0;20;343;270;#885648;
23;20;23.0;20;359;270;#8D5547;
24;20;24.0;20;374;270;#875D5A;
25;20;25.0;20;390;270;#6B574D;
26;20;26.0;20;405;270;#87605B;
27;20;27.0;20;421;270;#774631;
28;20;28.0;20;436;270;#744931;
29;20;29.0;20;452;270;#613B23;
30;20;30.0;20;468;270;#663A22;
31;20;31.0;20;483;270;#6A3C24;
32;20;32.0;20;499;270;#6D4227;
33;20;33.0;20;514;270;#74472D;
34;20;34.0;20;530;270;#7D4E36;
35;20;35.0;20;546;270;#7E4F36;
36;20;36.0;20;561;270;#7E5038;
37;20;37.0;20;577;270;#81533A;
38;20;38.0;20;592;270;#82533B;
39;20;39.0;20;608;270;#855843;
40;20;40.0;20;624;270;#875942;
41;20;41.0;20;639;270;#875B48;
42;20;42.0;20;655;270;#80543B;
43;20;43.0;20;670;270;#754B32;
44;20;44.0;20;686;270;#463622;
45;20;45.0;20;701;270;#313C3B;
46;20;46.0;20;717;270;#233637;
47;20;47.0;20;733;270;#1D2E2C;
48;20;48.0;20;748;270;#1F3231;
49;20;49.0;20;764;270;#15241C;
50;20;50.0;20;779;270;#14201B;
51;20;51.0;20;795;270;#151F16;
0;21;0.5;21;8;284;#4C2D1F;
1;21;1.5;21;23;284;#69402F;
2;21;2.5;21;39;284;#7D4F41;
3;21;3.5;21;55;284;#7E5042;
4;21;4.5;21;70;284;#7A4C3C;
5;21;5.5;21;86;284;#6D3F2E;
6;21;6.5;21;101;284;#6E4531;
7;21;7.5;21;117;284;#724937;
8;21;8.5;21;133;284;#724735;
9;21;9.5;21;148;284;#734937;
10;21;10.5;21;164;284;#6B3C2D;
11;21;11.5;21;179;284;#613626;
12;21;12.5;21;195;284;#613B25;
13;21;13.5;21;210;284;#7E5140;
14;21;14.5;21;226;284;#8E5D4E;
15;21;15.5;21;242;284;#8C5B4D;
16;21;16.5;21;257;284;#906156;
17;21;17.5;21;273;284;#935E55;
18;21;18.5;21;288;284;#9A685E;
19;21;19.5;21;304;284;#956156;
20;21;20.5;21;320;284;#A56B60;
21;21;21.5;21;335;284;#A0685C;
22;21;22.5;21;351;284;#946155;
23;21;23.5;21;366;284;#955F58;
24;21;24.5;21;382;284;#8F5950;
25;21;25.5;21;398;284;#875142;
26;21;26.5;21;413;284;#7B422B;
27;21;27.5;21;429;284;#744027;
28;21;28.5;21;444;284;#59391F;
29;21;29.5;21;460;284;#66422A;
30;21;30.5;21;475;284;#6E4128;
31;21;31.5;21;491;284;#70442A;
32;21;32.5;21;507;284;#73472E;
33;21;33.5;21;522;284;#74462F;
34;21;34.5;21;538;284;#76492F;
35;21;35.5;21;553;284;#774A30;
36;21;36.5;21;569;284;#784B30;
37;21;37.5;21;585;284;#7E5136;
38;21;38.5;21;600;284;#875942;
39;21;39.5;21;616;284;#8F5F4A;
40;21;40.5;21;631;284;#8F604B;
41;21;41.5;21;647;284;#8B5D49;
42;21;42.5;21;663;284;#82563E;
43;21;43.5;21;678;284;#774B2D;
44;21;44.5;21;694;284;#55391F;
45;21;45.5;21;709;284;#403C35;
46;21;46.5;21;725;284;#334756;
47;21;47.5;21;740;284;#2A3E46;
48;21;48.5;21;756;284;#192724;
49;21;49.5;21;772;284;#101B12;
50;21;50.5;21;787;284;#131C12;
51;21;51.5;21;803;284;#151A0F;
0;22;0.0;22;0;297;#3C2315;
1;22;1.0;22;16;297;#54311F;
2;22;2.0;22;31;297;#6D412F;
3;22;3.0;22;47;297;#784A38;
4;22;4.0;22;62;297;#7D4F3F;
5;22;5.0;22;78;297;#784A38;
6;22;6.0;22;94;297;#734634;
7;22;7.0;22;109;297;#794C3B;
8;22;8.0;22;125;297;#784C3C;
9;22;9.0;22;140;297;#7A4E3D;
10;22;10.0;22;156;297;#794D3E;
11;22;11.0;22;171;297;#6A3E2F;
12;22;12.0;22;187;297;#58341F;
13;22;13.0;22;203;297;#714733;
14;22;14.0;22;218;297;#8D5648;
15;22;15.0;22;234;297;#A9706B;
16;22;16.0;22;249;297;#A77470;
17;22;17.0;22;265;297;#A16D65;
18;22;18.0;22;281;297;#A16B61;
19;22;19.0;22;296;297;#9B6358;
20;22;20.0;22;312;297;#A1685F;
21;22;21.0;22;327;297;#AB7067;
22;22;22.0;22;343;297;#935B4C;
23;22;23.0;22;359;297;#9B6255;
24;22;24.0;22;374;297;#935B4B;
25;22;25.0;22;390;297;#824F38;
26;22;26.0;22;405;297;#81472E;
27;22;27.0;22;421;297;#743419;
28;22;28.0;22;436;297;#542E13;
29;22;29.0;22;452;297;#624A30;
30;22;30.0;22;468;297;#6B3E26;
31;22;31.0;22;483;297;#73452E;
32;22;32.0;22;499;297;#73442E;
33;22;33.0;22;514;297;#75472F;
34;22;34.0;22;530;297;#784930;
35;22;35.0;22;546;297;#764A2D;
36;22;36.0;22;561;297;#6F4429;
37;22;37.0;22;577;297;#72472B;
38;22;38.0;22;592;297;#7F5136;
39;22;39.0;22;608;297;#8E5E4A;
40;22;40.0;22;624;297;#93634F;
41;22;41.0;22;639;297;#94634F;
42;22;42.0;22;655;297;#8D5F4A;
43;22;43.0;22;670;297;#86593F;
44;22;44.0;22;686;297;#7B4F34;
45;22;45.0;22;701;297;#724B31;
46;22;46.0;22;717;297;#5E4330;
47;22;47.0;22;733;297;#314146;
48;22;48.0;22;748;297;#1E2E31;
49;22;49.0;22;764;297;#121C15;
50;22;50.0;22;779;297;#0F160E;
51;22;51.0;22;795;297;#13170C;
0;23;0.5;23;8;311;#381E0E;
1;23;1.5;23;23;311;#57321D;
2;23;2.5;23;39;311;#693E27;
3;23;3.5;23;55;311;#774A38;
4;23;4.5;23;70;311;#7B5041;
5;23;5.5;23;86;311;#6C3D28;
6;23;6.5;23;101;311;#714431;
7;23;7.5;23;117;311;#7C5041;
8;23;8.5;23;133;311;#815346;
9;23;9.5;23;148;311;#805041;
10;23;10.5;23;164;311;#734837;
11;23;11.5;23;179;311;#6A3F2B;
12;23;12.5;23;195;311;#593922;
13;23;13.5;23;210;311;#7D4E3B;
14;23;14.5;23;226;311;#A1655C;
15;23;15.5;23;242;311;#AA6F69;
16;23;16.5;23;257;311;#AB736E;
17;23;17.5;23;273;311;#A86C64;
18;23;18.5;23;288;311;#995F51;
19;23;19.5;23;304;311;#965B4E;
20;23;20.5;23;320;311;#AE736C;
21;23;21.5;23;335;311;#A4675E;
22;23;22.5;23;351;311;#8C5544;
23;23;23.5;23;366;311;#9E6456;
24;23;24.5;23;382;311;#9D6255;
25;23;25.5;23;398;311;#93543D;
26;23;26.5;23;413;311;#833B1F;
27;23;27.5;23;429;311;#5B2C11;
28;23;28.5;23;444;311;#5E4830;
29;23;29.5;23;460;311;#6A462D;
30;23;30.5;23;475;311;#6E4229;
31;23;31.5;23;491;311;#73442E;
32;23;32.5;23;507;311;#73442C;
33;23;33.5;23;522;311;#78492F;
34;23;34.5;23;538;311;#75492B;
35;23;35.5;23;553;311;#6B4227;
36;23;36.5;23;569;311;#5B391A;
37;23;37.5;23;585;311;#744728;
38;23;38.5;23;600;311;#86573E;
39;23;39.5;23;616;311;#915F4A;
40;23;40.5;23;631;311;#946451;
41;23;41.5;23;647;311;#92624D;
42;23;42.5;23;663;311;#8E5F47;
43;23;43.5;23;678;311;#895A3F;
44;23;44.5;23;694;311;#7E5237;
45;23;45.5;23;709;311;#784E33;
46;23;46.5;23;725;311;#654327;
47;23;47.5;23;740;311;#252013;
48;23;48.5;23;756;311;#0C0F08;
49;23;49.5;23;772;311;#0A0E08;
50;23;50.5;23;787;311;#0C0D06;
51;23;51.5;23;803;311;#0F1007;
0;24;0.0;24;0;324;#230F06;
1;24;1.0;24;16;324;#2F1808;
2;24;2.0;24;31;324;#452611;
3;24;3.0;24;47;324;#613B24;
4;24;4.0;24;62;324;#6A402D;
5;24;5.0;24;78;324;#623923;
6;24;6.0;24;94;324;#64331C;
7;24;7.0;24;109;324;#784A36;
8;24;8.0;24;125;324;#7F5141;
9;24;9.0;24;140;324;#7F5040;
10;24;10.0;24;156;324;#7C4E3E;
11;24;11.0;24;171;324;#754D3D;
12;24;12.0;24;187;324;#573723;
13;24;13.0;24;203;324;#603E27;
14;24;14.0;24;218;324;#8B5645;
15;24;15.0;24;234;324;#9D6255;
16;24;16.0;24;249;324;#9F6559;
17;24;17.0;24;265;324;#9A6053;
18;24;18.0;24;281;324;#93594B;
19;24;19.0;24;296;324;#92584C;
20;24;20.0;24;312;324;#A4675F;
21;24;21.0;24;327;324;#B0716B;
22;24;22.0;24;343;324;#8F5546;
23;24;23.0;24;359;324;#87513F;
24;24;24.0;24;374;324;#9B604F;
25;24;25.0;24;390;324;#965B48;
26;24;26.0;24;405;324;#83462A;
27;24;27.0;24;421;324;#663215;
28;24;28.0;24;436;324;#4F381F;
29;24;29.0;24;452;324;#6F5943;
30;24;30.0;24;468;324;#6C3E26;
31;24;31.0;24;483;324;#72432B;
32;24;32.0;24;499;324;#73442C;
33;24;33.0;24;514;324;#74462F;
34;24;34.0;24;530;324;#73482C;
35;24;35.0;24;546;324;#654025;
36;24;36.0;24;561;324;#4D2F14;
37;24;37.0;24;577;324;#673F23;
38;24;38.0;24;592;324;#784C31;
39;24;39.0;24;608;324;#875842;
40;24;40.0;24;624;324;#8C5E47;
41;24;41.0;24;639;324;#8F6148;
42;24;42.0;24;655;324;#8E6049;
43;24;43.0;24;670;324;#8C5E47;
44;24;44.0;24;686;324;#895C41;
45;24;45.0;24;701;324;#82553B;
46;24;46.0;24;717;324;#7A5036;
47;24;47.0;24;733;324;#6B4428;
48;24;48.0;24;748;324;#362513;
49;24;49.0;24;764;324;#070704;
50;24;50.0;24;779;324;#060702;
51;24;51.0;24;795;324;#080902;
0;25;0.5;25;8;338;#251006;
1;25;1.5;25;23;338;#321A06;
2;25;2.5;25;39;338;#41260F;
3;25;3.5;25;55;338;#4B2D15;
4;25;4.5;25;70;338;#4F2C15;
5;25;5.5;25;86;338;#5F301B;
6;25;6.5;25;101;338;#774938;
7;25;7.5;25;117;338;#784E3C;
8;25;8.5;25;133;338;#7A4C3B;
9;25;9.5;25;148;338;#794B3B;
10;25;10.5;25;164;338;#724634;
11;25;11.5;25;179;338;#66412C;
12;25;12.5;25;195;338;#52341C;
13;25;13.5;25;210;338;#634027;
14;25;14.5;25;226;338;#84503B;
15;25;15.5;25;242;338;#854E3D;
16;25;16.5;25;257;338;#7E4A37;
17;25;17.5;25;273;338;#895444;
18;25;18.5;25;288;338;#975C4E;
19;25;19.5;25;304;338;#9E6157;
20;25;20.5;25;320;338;#B0756E;
21;25;21.5;25;335;338;#A4655C;
22;25;22.5;25;351;338;#8B5141;
23;25;23.5;25;366;338;#7C4B36;
24;25;24.5;25;382;338;#864E37;
25;25;25.5;25;398;338;#864B33;
26;25;26.5;25;413;338;#69391D;
27;25;27.5;25;429;338;#472C13;
28;25;28.5;25;444;338;#675540;
29;25;29.5;25;460;338;#6D4A32;
30;25;30.5;25;475;338;#724329;
31;25;31.5;25;491;338;#73432A;
32;25;32.5;25;507;338;#73462E;
33;25;33.5;25;522;338;#704529;
34;25;34.5;25;538;338;#653E24;
35;25;35.5;25;553;338;#2E1909;
36;25;36.5;25;569;338;#533618;
37;25;37.5;25;585;338;#6B4428;
38;25;38.5;25;600;338;#794E33;
39;25;39.5;25;616;338;#835741;
40;25;40.5;25;631;338;#895E49;
41;25;41.5;25;647;338;#8C6049;
42;25;42.5;25;663;338;#8C5E47;
43;25;43.5;25;678;338;#8A5B44;
44;25;44.5;25;694;338;#86573E;
45;25;45.5;25;709;338;#825439;
46;25;46.5;25;725;338;#7C5136;
47;25;47.5;25;740;338;#6C4529;
48;25;48.5;25;756;338;#372310;
49;25;49.5;25;772;338;#050502;
50;25;50.5;25;787;338;#050503;
51;25;51.5;25;803;338;#080803;
0;26;0.0;26;0;351;#1D0A03;
1;26;1.0;26;16;351;#2B1506;
2;26;2.0;26;31;351;#341C07;
3;26;3.0;26;47;351;#3D210A;
4;26;4.0;26;62;351;#43250C;
5;26;5.0;26;78;351;#552E1A;
6;26;6.0;26;94;351;#6F402E;
7;26;7.0;26;109;351;#754A39;
8;26;8.0;26;125;351;#744937;
9;26;9.0;26;140;351;#764935;
10;26;10.0;26;156;351;#744735;
11;26;11.0;26;171;351;#69412E;
12;26;12.0;26;187;351;#603620;
13;26;13.0;26;203;351;#563A1D;
14;26;14.0;26;218;351;#5E3D21;
15;26;15.0;26;234;351;#683E25;
16;26;16.0;26;249;351;#734832;
17;26;17.0;26;265;351;#865649;
18;26;18.0;26;281;351;#7C4D3E;
19;26;19.0;26;296;351;#8C5548;
20;26;20.0;26;312;351;#A96C64;
21;26;21.0;26;327;351;#A76960;
22;26;22.0;26;343;351;#93584B;
23;26;23.0;26;359;351;#7C4B38;
24;26;24.0;26;374;351;#76472F;
25;26;25.0;26;390;351;#774025;
26;26;26.0;26;405;351;#6A3A1C;
27;26;27.0;26;421;351;#492B11;
28;26;28.0;26;436;351;#635139;
29;26;29.0;26;452;351;#6A513A;
30;26;30.0;26;468;351;#6D3E26;
31;26;31.0;26;483;351;#72412A;
32;26;32.0;26;499;351;#72422C;
33;26;33.0;26;514;351;#6D4329;
34;26;34.0;26;530;351;#603B1F;
35;26;35.0;26;546;351;#2F1D0C;
36;26;36.0;26;561;351;#130C05;
37;26;37.0;26;577;351;#583A1F;
38;26;38.0;26;592;351;#6E482E;
39;26;39.0;26;608;351;#795139;
40;26;40.0;26;624;351;#825740;
41;26;41.0;26;639;351;#8A5F4B;
42;26;42.0;26;655;351;#8B5F47;
43;26;43.0;26;670;351;#8C5E47;
44;26;44.0;26;686;351;#895A3F;
45;26;45.0;26;701;351;#87573D;
46;26;46.0;26;717;351;#825437;
47;26;47.0;26;733;351;#7A4E34;
48;26;48.0;26;748;351;#6B4327;
49;26;49.0;26;764;351;#33200D;
50;26;50.0;26;779;351;#050402;
51;26;51.0;26;795;351;#040402;
0;27;0.5;27;8;365;#170803;
1;27;1.5;27;23;365;#261204;
2;27;2.5;27;39;365;#351C07;
3;27;3.5;27;55;365;#42250E;
4;27;4.5;27;70;365;#502A16;
5;27;5.5;27;86;365;#623724;
6;27;6.5;27;101;365;#6F4430;
7;27;7.5;27;117;365;#724533;
8;27;8.5;27;133;365;#724633;
9;27;9.5;27;148;365;#724530;
10;27;10.5;27;164;365;#70432F;
11;27;11.5;27;179;365;#6A3C29;
12;27;12.5;27;195;365;#5C331D;
13;27;13.5;27;210;365;#5A3D23;
14;27;14.5;27;226;365;#6F462D;
15;27;15.5;27;242;365;#653F24;
16;27;16.5;27;257;365;#734735;
17;27;17.5;27;273;365;#7D4F3F;
18;27;18.5;27;288;365;#774C3C;
19;27;19.5;27;304;365;#774B3A;
20;27;20.5;27;320;365;#8C5848;
21;27;21.5;27;335;365;#814F3E;
22;27;22.5;27;351;365;#714532;
23;27;23.5;27;366;365;#754A37;
24;27;24.5;27;382;365;#684228;
25;27;25.5;27;398;365;#6F4023;
26;27;26.5;27;413;365;#4D2F14;
27;27;27.5;27;429;365;#605037;
28;27;28.5;27;444;365;#5E4F35;
29;27;29.5;27;460;365;#6A472F;
30;27;30.5;27;475;365;#6E3F23;
31;27;31.5;27;491;365;#6C3E24;
32;27;32.5;27;507;365;#683F26;
33;27;33.5;27;522;365;#5A3720;
34;27;34.5;27;538;365;#2E1D0B;
35;27;35.5;27;553;365;#040201;
36;27;36.5;27;569;365;#160E06;
37;27;37.5;27;585;365;#593C21;
38;27;38.5;27;600;365;#6E492F;
39;27;39.5;27;616;365;#795038;
40;27;40.5;27;631;365;#835A43;
41;27;41.5;27;647;365;#895E48;
42;27;42.5;27;663;365;#895E44;
43;27;43.5;27;678;365;#8A5D42;
44;27;44.5;27;694;365;#8A5C40;
45;27;45.5;27;709;365;#87583D;
46;27;46.5;27;725;365;#825335;
47;27;47.5;27;740;365;#784C2F;
48;27;48.5;27;756;365;#653F20;
49;27;49.5;27;772;365;#301F0A;
50;27;50.5;27;787;365;#080602;
51;27;51.5;27;803;365;#050502;
0;28;0.0;28;0;378;#090200;
1;28;1.0;28;16;378;#170602;
2;28;2.0;28;31;378;#271305;
3;28;3.0;28;47;378;#41240D;
4;28;4.0;28;62;378;#472510;
5;28;5.0;28;78;378;#512C14;
6;28;6.0;28;94;378;#603A23;
7;28;7.0;28;109;378;#69402B;
8;28;8.0;28;125;378;#6E422E;
9;28;9.0;28;140;378;#6D412E;
10;28;10.0;28;156;378;#6D402C;
11;28;11.0;28;171;378;#6A402C;
12;28;12.0;28;187;378;#6A3D2B;
13;28;13.0;28;203;378;#5F3F2C;
14;28;14.0;28;218;378;#53371E;
15;28;15.0;28;234;378;#754A31;
16;28;16.0;28;249;378;#6F4731;
17;28;17.0;28;265;378;#623423;
18;28;18.0;28;281;378;#704835;
19;28;19.0;28;296;378;#7F5041;
20;28;20.0;28;312;378;#7B4D3C;
21;28;21.0;28;327;378;#754835;
22;28;22.0;28;343;378;#744734;
23;28;23.0;28;359;378;#6D422F;
24;28;24.0;28;374;378;#69452D;
25;28;25.0;28;390;378;#6F4227;
26;28;26.0;28;405;378;#523116;
27;28;27.0;28;421;378;#5F4C35;
28;28;28.0;28;436;378;#605339;
29;28;29.0;28;452;378;#66513C;
30;28;30.0;28;468;378;#683F27;
31;28;31.0;28;483;378;#693C22;
32;28;32.0;28;499;378;#623A21;
33;28;33.0;28;514;378;#51321A;
34;28;34.0;28;530;378;#201105;
35;28;35.0;28;546;378;#110E06;
36;28;36.0;28;561;378;#010101;
37;28;37.0;28;577;378;#160F07;
38;28;38.0;28;592;378;#553921;
39;28;39.0;28;608;378;#6A482F;
40;28;40.0;28;624;378;#77513C;
41;28;41.0;28;639;378;#815841;
42;28;42.0;28;655;378;#835942;
43;28;43.0;28;670;378;#855B44;
44;28;44.0;28;686;378;#885C44;
45;28;45.0;28;701;378;#895D41;
46;28;46.0;28;717;378;#875A40;
47;28;47.0;28;733;378;#82553A;
48;28;48.0;28;748;378;#7B5133;
49;28;49.0;28;764;378;#6B4426;
50;28;50.0;28;779;378;#412911;
51;28;51.0;28;795;378;#100B04;
0;29;0.5;29;8;392;#090200;
1;29;1.5;29;23;392;#210D03;
2;29;2.5;29;39;392;#2F1806;
3;29;3.5;29;55;392;#311707;
4;29;4.5;29;70;392;#42220F;
5;29;5.5;29;86;392;#53331D;
6;29;6.5;29;101;392;#5A3820;
7;29;7.5;29;117;392;#643D27;
8;29;8.5;29;133;392;#6A412A;
9;29;9.5;29;148;392;#6A3E2A;
10;29;10.5;29;164;392;#693D29;
11;29;11.5;29;179;392;#673D28;
12;29;12.5;29;195;392;#6B4838;
13;29;13.5;29;210;392;#5D412D;
14;29;14.5;29;226;392;#52351E;
15;29;15.5;29;242;392;#744A33;
16;29;16.5;29;257;392;#835040;
17;29;17.5;29;273;392;#74372B;
18;29;18.5;29;288;392;#7A5C50;
19;29;19.5;29;304;392;#866555;
20;29;20.5;29;320;392;#825746;
21;29;21.5;29;335;392;#6F4736;
22;29;22.5;29;351;392;#642D1E;
23;29;23.5;29;366;392;#724631;
24;29;24.5;29;382;392;#694127;
25;29;25.5;29;398;392;#5B371D;
26;29;26.5;29;413;392;#4B2F19;
27;29;27.5;29;429;392;#5E4E35;
28;29;28.5;29;444;392;#594C31;
29;29;29.5;29;460;392;#69553E;
30;29;30.5;29;475;392;#5F371E;
31;29;31.5;29;491;392;#5C361C;
32;29;32.5;29;507;392;#492C13;
33;29;33.5;29;522;392;#1D0E04;
34;29;34.5;29;538;392;#1A150A;
35;29;35.5;29;553;392;#010101;
36;29;36.5;29;569;392;#010101;
37;29;37.5;29;585;392;#0D0904;
38;29;38.5;29;600;392;#4F361D;
39;29;39.5;29;616;392;#64452A;
40;29;40.5;29;631;392;#714D36;
41;29;41.5;29;647;392;#78513B;
42;29;42.5;29;663;392;#7A523A;
43;29;43.5;29;678;392;#7F533D;
44;29;44.5;29;694;392;#82563E;
45;29;45.5;29;709;392;#83553B;
46;29;46.5;29;725;392;#835539;
47;29;47.5;29;740;392;#794E36;
48;29;48.5;29;756;392;#694325;
49;29;49.5;29;772;392;#57371A;
50;29;50.5;29;787;392;#462E14;
51;29;51.5;29;803;392;#221607;
0;30;0.0;30;0;405;#0D0201;
1;30;1.0;30;16;405;#0A0201;
2;30;2.0;30;31;405;#261004;
3;30;3.0;30;47;405;#351B05;
4;30;4.0;30;62;405;#301406;
5;30;5.0;30;78;405;#412610;
6;30;6.0;30;94;405;#4D2F18;
7;30;7.0;30;109;405;#58351E;
8;30;8.0;30;125;405;#613A24;
9;30;9.0;30;140;405;#623A23;
10;30;10.0;30;156;405;#643A23;
11;30;11.0;30;171;405;#633A23;
12;30;12.0;30;187;405;#623925;
13;30;13.0;30;203;405;#6A4C3A;
14;30;14.0;30;218;405;#5B3B29;
15;30;15.0;30;234;405;#593B25;
16;30;16.0;30;249;405;#794F38;
17;30;17.0;30;265;405;#7F4D3D;
18;30;18.0;30;281;405;#874136;
19;30;19.0;30;296;405;#80493A;
20;30;20.0;30;312;405;#7D5345;Yipee-ki-yay, good sir!
21;30;21.0;30;327;405;#794538;
22;30;22.0;30;343;405;#803B2C;
23;30;23.0;30;359;405;#74432E;
24;30;24.0;30;374;405;#6F472E;
25;30;25.0;30;390;405;#53341A;
26;30;26.0;30;405;405;#3F2109;
27;30;27.0;30;421;405;#54422B;
28;30;28.0;30;436;405;#594B33;
29;30;29.0;30;452;405;#63563F;
30;30;30.0;30;468;405;#614933;
31;30;31.0;30;483;405;#523117;
32;30;32.0;30;499;405;#442811;
33;30;33.0;30;514;405;#1D0D04;
34;30;34.0;30;530;405;#201A0C;
35;30;35.0;30;546;405;#030202;
36;30;36.0;30;561;405;#030302;
37;30;37.0;30;577;405;#020202;
38;30;38.0;30;592;405;#060402;
39;30;39.0;30;608;405;#392613;
40;30;40.0;30;624;405;#583D23;
41;30;41.0;30;639;405;#64462D;
42;30;42.0;30;655;405;#704D38;
43;30;43.0;30;670;405;#6D482D;
44;30;44.0;30;686;405;#70472E;
45;30;45.0;30;701;405;#6D472E;
46;30;46.0;30;717;405;#5E3F29;
47;30;47.0;30;733;405;#533A27;
48;30;48.0;30;748;405;#4A351E;
49;30;49.0;30;764;405;#4E3114;
50;30;50.0;30;779;405;#492F14;
51;30;51.0;30;795;405;#422C14;
0;31;0.5;31;8;419;#060200;
1;31;1.5;31;23;419;#080200;
2;31;2.5;31;39;419;#1E0B03;
3;31;3.5;31;55;419;#371C08;
4;31;4.5;31;70;419;#341D08;
5;31;5.5;31;86;419;#39210C;
6;31;6.5;31;101;419;#492C14;
7;31;7.5;31;117;419;#56341E;
8;31;8.5;31;133;419;#5A361F;
9;31;9.5;31;148;419;#5B361E;
10;31;10.5;31;164;419;#5F381F;
11;31;11.5;31;179;419;#613722;
12;31;12.5;31;195;419;#613925;
13;31;13.5;31;210;419;#665040;
14;31;14.5;31;226;419;#583925;
15;31;15.5;31;242;419;#5D3F28;
16;31;16.5;31;257;419;#7B513C;
17;31;17.5;31;273;419;#764735;
18;31;18.5;31;288;419;#894A3F;
19;31;19.5;31;304;419;#98524D;
20;31;20.5;31;320;419;#944F47;
21;31;21.5;31;335;419;#844639;
22;31;22.5;31;351;419;#6F412D;
23;31;23.5;31;366;419;#724A33;
24;31;24.5;31;382;419;#4C301A;
25;31;25.5;31;398;419;#341B08;
26;31;26.5;31;413;419;#3F2510;
27;31;27.5;31;429;419;#5B4F39;
28;31;28.5;31;444;419;#605441;
29;31;29.5;31;460;419;#635542;
30;31;30.5;31;475;419;#4F3720;
31;31;31.5;31;491;419;#3A230E;
32;31;32.5;31;507;419;#190B03;
33;31;33.5;31;522;419;#201C0E;
34;31;34.5;31;538;419;#040301;
35;31;35.5;31;553;419;#030304;
36;31;36.5;31;569;419;#060807;
37;31;37.5;31;585;419;#020202;
38;31;38.5;31;600;419;#010101;
39;31;39.5;31;616;419;#1C1308;
40;31;40.5;31;631;419;#48321F;
41;31;41.5;31;647;419;#AF9DAB;
42;31;42.5;31;663;419;#8E6F74;
43;31;43.5;31;678;419;#5A3C26;
44;31;44.5;31;694;419;#553822;
45;31;45.5;31;709;419;#9F9FB2;
46;31;46.5;31;725;419;#A9ADC2;
47;31;47.5;31;740;419;#B0B3C5;
48;31;48.5;31;756;419;#614E44;
49;31;49.5;31;772;419;#4D321B;
50;31;50.5;31;787;419;#4B3117;
51;31;51.5;31;803;419;#473015;
0;32;0.0;32;0;432;#0F0502;
1;32;1.0;32;16;432;#160904;
2;32;2.0;32;31;432;#110401;
3;32;3.0;32;47;432;#150502;
4;32;4.0;32;62;432;#220D04;
5;32;5.0;32;78;432;#2B1306;
6;32;6.0;32;94;432;#2B1408;
7;32;7.0;32;109;432;#402510;
8;32;8.0;32;125;432;#50301A;
9;32;9.0;32;140;432;#54321A;
10;32;10.0;32;156;432;#57331E;
11;32;11.0;32;171;432;#5E3620;
12;32;12.0;32;187;432;#5C331B;
13;32;13.0;32;203;432;#604330;
14;32;14.0;32;218;432;#5F4E3C;
15;32;15.0;32;234;432;#58331F;
16;32;16.0;32;249;432;#603F28;
17;32;17.0;32;265;432;#885C4F;
18;32;18.0;32;281;432;#7C4F3E;
19;32;19.0;32;296;432;#6E4533;
20;32;20.0;32;312;432;#6C4230;
21;32;21.0;32;327;432;#6A412F;
22;32;22.0;32;343;432;#6F422C;
23;32;23.0;32;359;432;#794C37;
24;32;24.0;32;374;432;#472C1B;
25;32;25.0;32;390;432;#2D1909;
26;32;26.0;32;405;432;#3A210C;
27;32;27.0;32;421;432;#4F3B28;
28;32;28.0;32;436;432;#5A523C;
29;32;29.0;32;452;432;#5A503C;
30;32;30.0;32;468;432;#5A4E39;
31;32;31.0;32;483;432;#3A2918;
32;32;32.0;32;499;432;#130602;
33;32;33.0;32;514;432;#211F0C;
34;32;34.0;32;530;432;#030302;
35;32;35.0;32;546;432;#010101;
36;32;36.0;32;561;432;#030303;
37;32;37.0;32;577;432;#070908;
38;32;38.0;32;592;432;#040404;
39;32;39.0;32;608;432;#020202;
40;32;40.0;32;624;432;#050403;
41;32;41.0;32;639;432;#584A67;
42;32;42.0;32;655;432;#E5DFE5;
43;32;43.0;32;670;432;#543831;
44;32;44.0;32;686;432;#49321D;
45;32;45.0;32;701;432;#635657;
46;32;46.0;32;717;432;#A3A8BF;
47;32;47.0;32;733;432;#A4AABE;
48;32;48.0;32;748;432;#A1A1B0;
49;32;49.0;32;764;432;#4E3622;
50;32;50.0;32;779;432;#53371C;
51;32;51.0;32;795;432;#55391C;
0;33;0.5;33;8;446;#200D04;
1;33;1.5;33;23;446;#200F05;
2;33;2.5;33;39;446;#160802;
3;33;3.5;33;55;446;#1C0803;
4;33;4.5;33;70;446;#210E06;
5;33;5.5;33;86;446;#1D0905;
6;33;6.5;33;101;446;#180803;
7;33;7.5;33;117;446;#2E1808;
8;33;8.5;33;133;446;#482A14;
9;33;9.5;33;148;446;#4D2D18;
10;33;10.5;33;164;446;#53311B;
11;33;11.5;33;179;446;#59331C;
12;33;12.5;33;195;446;#56311A;
13;33;13.5;33;210;446;#5C4B37;
14;33;14.5;33;226;446;#53452F;
15;33;15.5;33;242;446;#54331E;
16;33;16.5;33;257;446;#573A25;
17;33;17.5;33;273;446;#845A4D;
18;33;18.5;33;288;446;#8D5E54;
19;33;19.5;33;304;446;#845649;
20;33;20.5;33;320;446;#835343;
21;33;21.5;33;335;446;#854F3E;
22;33;22.5;33;351;446;#744934;
23;33;23.5;33;366;446;#352012;
24;33;24.5;33;382;446;#1E0C04;
25;33;25.5;33;398;446;#291506;
26;33;26.5;33;413;446;#311B07;
27;33;27.5;33;429;446;#554B38;
28;33;28.5;33;444;446;#514A35;
29;33;29.5;33;460;446;#4D4831;
30;33;30.5;33;475;446;#4A422C;
31;33;31.5;33;491;446;#2B2211;
32;33;32.5;33;507;446;#231E0C;
33;33;33.5;33;522;446;#030301;
34;33;34.5;33;538;446;#010101;
35;33;35.5;33;553;446;#010101;
36;33;36.5;33;569;446;#020202;
37;33;37.5;33;585;446;#070907;
38;33;38.5;33;600;446;#080B08;
39;33;39.5;33;616;446;#030403;
40;33;40.5;33;631;446;#030305;
41;33;41.5;33;647;446;#4D547A;
42;33;42.5;33;663;446;#3E3B51;
43;33;43.5;33;678;446;#3C2814;
44;33;44.5;33;694;446;#3B2611;
45;33;45.5;33;709;446;#91909F;
46;33;46.5;33;725;446;#A3A6BA;
47;33;47.5;33;740;446;#A7ACC0;
48;33;48.5;33;756;446;#716460;
49;33;49.5;33;772;446;#50371F;
50;33;50.5;33;787;446;#53391A;
51;33;51.5;33;803;446;#54381B;
0;34;0.0;34;0;459;#381B06;
1;34;1.0;34;16;459;#271104;
2;34;2.0;34;31;459;#1E0F04;
3;34;3.0;34;47;459;#241206;
4;34;4.0;34;62;459;#261106;
5;34;5.0;34;78;459;#271508;
6;34;6.0;34;94;459;#211006;
7;34;7.0;34;109;459;#180A03;
8;34;8.0;34;125;459;#1B1711;
9;34;9.0;34;140;459;#322416;
10;34;10.0;34;156;459;#3F240D;
11;34;11.0;34;171;459;#4C2B15;
12;34;12.0;34;187;459;#502D17;
13;34;13.0;34;203;459;#4C2E16;
14;34;14.0;34;218;459;#4B3F26;
15;34;15.0;34;234;459;#4B3E27;
16;34;16.0;34;249;459;#4A311B;
17;34;17.0;34;265;459;#452B14;
18;34;18.0;34;281;459;#6F4936;
19;34;19.0;34;296;459;#805242;
20;34;20.0;34;312;459;#83513F;
21;34;21.0;34;327;459;#7C4936;
22;34;22.0;34;343;459;#5E3A26;
23;34;23.0;34;359;459;#180E07;
24;34;24.0;34;374;459;#0A0401;
25;34;25.0;34;390;459;#160702;
26;34;26.0;34;405;459;#210D04;
27;34;27.0;34;421;459;#2F1F0E;
28;34;28.0;34;436;459;#48432B;
29;34;29.0;34;452;459;#423E27;
30;34;30.0;34;468;459;#372E17;
31;34;31.0;34;483;459;#261E09;
32;34;32.0;34;499;459;#1C1807;
33;34;33.0;34;514;459;#040201;
34;34;34.0;34;530;459;#010101;
35;34;35.0;34;546;459;#010101;
36;34;36.0;34;561;459;#010101;
37;34;37.0;34;577;459;#040503;
38;34;38.0;34;592;459;#080B06;
39;34;39.0;34;608;459;#060504;
40;34;40.0;34;624;459;#261A10;
41;34;41.0;34;639;459;#29232C;
42;34;42.0;34;655;459;#2A3153;
43;34;43.0;34;670;459;#4E433B;
44;34;44.0;34;686;459;#5B422C;
45;34;45.0;34;701;459;#6F5754;
46;34;46.0;34;717;459;#A5A7BA;
47;34;47.0;34;733;459;#A3A5B7;
48;34;48.0;34;748;459;#A5A6B3;
49;34;49.0;34;764;459;#422D1C;
50;34;50.0;34;779;459;#4F361A;
51;34;51.0;34;795;459;#51361A;
0;35;0.5;35;8;473;#371908;
1;35;1.5;35;23;473;#271405;
2;35;2.5;35;39;473;#200F05;
3;35;3.5;35;55;473;#271406;
4;35;4.5;35;70;473;#2F1D0A;
5;35;5.5;35;86;473;#2A1807;
6;35;6.5;35;101;473;#1F0E05;
7;35;7.5;35;117;473;#100E07;
8;35;8.5;35;133;473;#14221F;
9;35;9.5;35;148;473;#1B231E;
10;35;10.5;35;164;473;#281809;
11;35;11.5;35;179;473;#3E220C;
12;35;12.5;35;195;473;#42260E;
13;35;13.5;35;210;473;#402811;
14;35;14.5;35;226;473;#3E341A;
15;35;15.5;35;242;473;#42311A;
16;35;16.5;35;257;473;#412E17;
17;35;17.5;35;273;473;#2F1A05;
18;35;18.5;35;288;473;#3C2310;
19;35;19.5;35;304;473;#442917;
20;35;20.5;35;320;473;#442918;
21;35;21.5;35;335;473;#241409;
22;35;22.5;35;351;473;#040300;
23;35;23.5;35;366;473;#060200;
24;35;24.5;35;382;473;#090300;
25;35;25.5;35;398;473;#0D0301;
26;35;26.5;35;413;473;#0F0501;
27;35;27.5;35;429;473;#342D16;
28;35;28.5;35;444;473;#37321A;
29;35;29.5;35;460;473;#2D2911;
30;35;30.5;35;475;473;#1F1D09;
31;35;31.5;35;491;473;#110F05;
32;35;32.5;35;507;473;#020201;
33;35;33.5;35;522;473;#010101;
34;35;34.5;35;538;473;#010101;
35;35;35.5;35;553;473;#010101;
36;35;36.5;35;569;473;#020202;
37;35;37.5;35;585;473;#0A0F0C;
38;35;38.5;35;600;473;#211F15;
39;35;39.5;35;616;473;#724E34;
40;35;40.5;35;631;473;#6B4F3A;
41;35;41.5;35;647;473;#6D655F;
42;35;42.5;35;663;473;#958881;
43;35;43.5;35;678;473;#735F4E;
44;35;44.5;35;694;473;#725746;
45;35;45.5;35;709;473;#7B7175;
46;35;46.5;35;725;473;#8C8995;
47;35;47.5;35;740;473;#9896A5;
48;35;48.5;35;756;473;#6A5D59;
49;35;49.5;35;772;473;#422B14;
50;35;50.5;35;787;473;#4C3318;
51;35;51.5;35;803;473;#4D3418;
0;36;0.0;36;0;486;#3A1708;
1;36;1.0;36;16;486;#2C1808;
2;36;2.0;36;31;486;#180F06;
3;36;3.0;36;47;486;#251306;
4;36;4.0;36;62;486;#2E1C08;
5;36;5.0;36;78;486;#2C1B0A;
6;36;6.0;36;94;486;#190B03;
7;36;7.0;36;109;486;#0E0C07;
8;36;8.0;36;125;486;#141F1D;
9;36;9.0;36;140;486;#121E1C;
10;36;10.0;36;156;486;#0E1B17;
11;36;11.0;36;171;486;#141713;
12;36;12.0;36;187;486;#1D0F06;
13;36;13.0;36;203;486;#301807;
14;36;14.0;36;218;486;#34220C;
15;36;15.0;36;234;486;#2C1806;
16;36;16.0;36;249;486;#2F1608;
17;36;17.0;36;265;486;#36220C;
18;36;18.0;36;281;486;#241104;
19;36;19.0;36;296;486;#1F0B03;
20;36;20.0;36;312;486;#130501;
21;36;21.0;36;327;486;#090201;
22;36;22.0;36;343;486;#0B0301;
23;36;23.0;36;359;486;#140602;
24;36;24.0;36;374;486;#170602;
25;36;25.0;36;390;486;#170702;
26;36;26.0;36;405;486;#130601;
27;36;27.0;36;421;486;#1C1106;
28;36;28.0;36;436;486;#1F1A08;
29;36;29.0;36;452;486;#1B1206;
30;36;30.0;36;468;486;#100C02;
31;36;31.0;36;483;486;#070401;
32;36;32.0;36;499;486;#020202;
33;36;33.0;36;514;486;#020301;
34;36;34.0;36;530;486;#010101;
35;36;35.0;36;546;486;#010101;
36;36;36.0;36;561;486;#010102;
37;36;37.0;36;577;486;#040402;
38;36;38.0;36;592;486;#1A180F;
39;36;39.0;36;608;486;#6B4B30;
40;36;40.0;36;624;486;#6E4C34;
41;36;41.0;36;639;486;#756E69;
42;36;42.0;36;655;486;#88868B;
43;36;43.0;36;670;486;#A59CA6;
44;36;44.0;36;686;486;#887E81;
45;36;45.0;36;701;486;#6C6563;
46;36;46.0;36;717;486;#595146;
47;36;47.0;36;733;486;#675B51;
48;36;48.0;36;748;486;#76675C;
49;36;49.0;36;764;486;#4D361B;
50;36;50.0;36;779;486;#473117;
51;36;51.0;36;795;486;#452F14;
0;37;0.5;37;8;500;#36281B;
1;37;1.5;37;23;500;#6D6162;
2;37;2.5;37;39;500;#281E11;
3;37;3.5;37;55;500;#251608;
4;37;4.5;37;70;500;#1C0F04;
5;37;5.5;37;86;500;#0A0401;
6;37;6.5;37;101;500;#040402;
7;37;7.5;37;117;500;#182422;
8;37;8.5;37;133;500;#1C2C2A;
9;37;9.5;37;148;500;#1A2A2C;
10;37;10.5;37;164;500;#1E2F31;
11;37;11.5;37;179;500;#060809;
12;37;12.5;37;195;500;#030101;
13;37;13.5;37;210;500;#0A0201;
14;37;14.5;37;226;500;#1D0A01;
15;37;15.5;37;242;500;#1E0A02;
16;37;16.5;37;257;500;#271204;
17;37;17.5;37;273;500;#271506;
18;37;18.5;37;288;500;#180A02;
19;37;19.5;37;304;500;#0A0301;
20;37;20.5;37;320;500;#070200;
21;37;21.5;37;335;500;#0B0201;
22;37;22.5;37;351;500;#150702;
23;37;23.5;37;366;500;#140602;
24;37;24.5;37;382;500;#140602;
25;37;25.5;37;398;500;#1C1007;
26;37;26.5;37;413;500;#0E0902;
27;37;27.5;37;429;500;#050401;
28;37;28.5;37;444;500;#040300;
29;37;29.5;37;460;500;#040401;
30;37;30.5;37;475;500;#040501;
31;37;31.5;37;491;500;#040501;
32;37;32.5;37;507;500;#050402;
33;37;33.5;37;522;500;#040303;
34;37;34.5;37;538;500;#020202;
35;37;35.5;37;553;500;#020201;
36;37;36.5;37;569;500;#020301;
37;37;37.5;37;585;500;#0F0D09;
38;37;38.5;37;600;500;#785239;
39;37;39.5;37;616;500;#865A41;
40;37;40.5;37;631;500;#5E422D;
41;37;41.5;37;647;500;#6A6461;
42;37;42.5;37;663;500;#B3B3C3;
43;37;43.5;37;678;500;#B9B8CA;
44;37;44.5;37;694;500;#A39FAD;
45;37;45.5;37;709;500;#503E35;
46;37;46.5;37;725;500;#5C4429;
47;37;47.5;37;740;500;#7D5D46;
48;37;48.5;37;756;500;#855D45;
49;37;49.5;37;772;500;#67472A;
50;37;50.5;37;787;500;#452F15;
51;37;51.5;37;803;500;#3E2A10;
0;38;0.0;38;0;513;#786C6E;
1;38;1.0;38;16;513;#736969;
2;38;2.0;38;31;513;#31271B;
3;38;3.0;38;47;513;#150903;
4;38;4.0;38;62;513;#120702;
5;38;5.0;38;78;513;#0B0301;
6;38;6.0;38;94;513;#050301;
7;38;7.0;38;109;513;#080804;
8;38;8.0;38;125;513;#1E2D29;
9;38;9.0;38;140;513;#1F3033;
10;38;10.0;38;156;513;#233538;
11;38;11.0;38;171;513;#162122;
12;38;12.0;38;187;513;#030202;
13;38;13.0;38;203;513;#030101;
14;38;14.0;38;218;513;#030201;
15;38;15.0;38;234;513;#070301;
16;38;16.0;38;249;513;#0F0602;
17;38;17.0;38;265;513;#0F0702;
18;38;18.0;38;281;513;#100802;
19;38;19.0;38;296;513;#080301;
20;38;20.0;38;312;513;#060200;
21;38;21.0;38;327;513;#040300;
22;38;22.0;38;343;513;#0D0301;
23;38;23.0;38;359;513;#110501;
24;38;24.0;38;374;513;#0D0501;
25;38;25.0;38;390;513;#130601;
26;38;26.0;38;405;513;#110702;
27;38;27.0;38;421;513;#100602;
28;38;28.0;38;436;513;#0D0803;
29;38;29.0;38;452;513;#0F0702;
30;38;30.0;38;468;513;#0C0A03;
31;38;31.0;38;483;513;#0D0B04;
32;38;32.0;38;499;513;#0A0A03;
33;38;33.0;38;514;513;#080703;
34;38;34.0;38;530;513;#030301;
35;38;35.0;38;546;513;#020201;
36;38;36.0;38;561;513;#020202;
37;38;37.0;38;577;513;#080805;
38;38;38.0;38;592;513;#7E5C47;
39;38;39.0;38;608;513;#9B705F;
40;38;40.0;38;624;513;#845F4F;
41;38;41.0;38;639;513;#A9AABC;
42;38;42.0;38;655;513;#9E9CAF;
43;38;43.0;38;670;513;#948F9C;
44;38;44.0;38;686;513;#967676;
45;38;45.0;38;701;513;#976A61;
46;38;46.0;38;717;513;#9D6C5E;
47;38;47.0;38;733;513;#966A56;
48;38;48.0;38;748;513;#8E6550;
49;38;49.0;38;764;513;#88604C;
50;38;50.0;38;779;513;#553A1F;
51;38;51.0;38;795;513;#3D2B10;
0;39;0.5;39;8;527;#1D1A14;
1;39;1.5;39;23;527;#070301;
2;39;2.5;39;39;527;#120702;
3;39;3.5;39;55;527;#160A03;
4;39;4.5;39;70;527;#150A03;
5;39;5.5;39;86;527;#130702;
6;39;6.5;39;101;527;#0E0702;
7;39;7.5;39;117;527;#15170F;
8;39;8.5;39;133;527;#233233;
9;39;9.5;39;148;527;#243437;
10;39;10.5;39;164;527;#243235;
11;39;11.5;39;179;527;#0A0804;
12;39;12.5;39;195;527;#090502;
13;39;13.5;39;210;527;#0D0501;
14;39;14.5;39;226;527;#140603;
15;39;15.5;39;242;527;#150802;
16;39;16.5;39;257;527;#190803;
17;39;17.5;39;273;527;#180A03;
18;39;18.5;39;288;527;#120702;
19;39;19.5;39;304;527;#0D0401;
20;39;20.5;39;320;527;#090301;
21;39;21.5;39;335;527;#060301;
22;39;22.5;39;351;527;#0A0301;
23;39;23.5;39;366;527;#0F0402;
24;39;24.5;39;382;527;#0F0401;
25;39;25.5;39;398;527;#100501;
26;39;26.5;39;413;527;#150904;
27;39;27.5;39;429;527;#181105;
28;39;28.5;39;444;527;#191307;
29;39;29.5;39;460;527;#171206;
30;39;30.5;39;475;527;#121105;
31;39;31.5;39;491;527;#121006;
32;39;32.5;39;507;527;#0E0E07;
33;39;33.5;39;522;527;#0A0904;
34;39;34.5;39;538;527;#040402;
35;39;35.5;39;553;527;#030302;
36;39;36.5;39;569;527;#050504;
37;39;37.5;39;585;527;#30281B;
38;39;38.5;39;600;527;#8D604B;
39;39;39.5;39;616;527;#946751;
40;39;40.5;39;631;527;#896B69;
41;39;41.5;39;647;527;#948C97;
42;39;42.5;39;663;527;#705D53;
43;39;43.5;39;678;527;#8B5E52;
44;39;44.5;39;694;527;#AA7877;
45;39;45.5;39;709;527;#A47468;
46;39;46.5;39;725;527;#A77A6C;
47;39;47.5;39;740;527;#8F6850;
48;39;48.5;39;756;527;#7E563F;
49;39;49.5;39;772;527;#65462A;
50;39;50.5;39;787;527;#3B2B10;
51;39;51.5;39;803;527;#312209;
0;40;0.0;40;0;540;#131206;
1;40;1.0;40;16;540;#110F04;
2;40;2.0;40;31;540;#140C03;
3;40;3.0;40;47;540;#1C1006;
4;40;4.0;40;62;540;#1F1206;
5;40;5.0;40;78;540;#1E1105;
6;40;6.0;40;94;540;#180E05;
7;40;7.0;40;109;540;#160F06;
8;40;8.0;40;125;540;#1F2319;
9;40;9.0;40;140;540;#27312E;
10;40;10.0;40;156;540;#262E2A;
11;40;11.0;40;171;540;#161008;
12;40;12.0;40;187;540;#160B04;
13;40;13.0;40;203;540;#1B0E06;
14;40;14.0;40;218;540;#1D0E04;
15;40;15.0;40;234;540;#201107;
16;40;16.0;40;249;540;#1F1004;
17;40;17.0;40;265;540;#201105;
18;40;18.0;40;281;540;#190D04;
19;40;19.0;40;296;540;#140903;
20;40;20.0;40;312;540;#120702;
21;40;21.0;40;327;540;#0E0401;
22;40;22.0;40;343;540;#090501;
23;40;23.0;40;359;540;#0D0602;
24;40;24.0;40;374;540;#100703;
25;40;25.0;40;390;540;#120703;
26;40;26.0;40;405;540;#140803;
27;40;27.0;40;421;540;#191406;
28;40;28.0;40;436;540;#1E1C0B;
29;40;29.0;40;452;540;#201E0B;
30;40;30.0;40;468;540;#1C1B0A;
31;40;31.0;40;483;540;#1A1809;
32;40;32.0;40;499;540;#181508;
33;40;33.0;40;514;540;#151308;
34;40;34.0;40;530;540;#0F0E05;
35;40;35.0;40;546;540;#0B0A04;
36;40;36.0;40;561;540;#070603;
37;40;37.0;40;577;540;#0E1007;
38;40;38.0;40;592;540;#5E432B;
39;40;39.0;40;608;540;#8E5E4E;
40;40;40.0;40;624;540;#8A523B;
41;40;41.0;40;639;540;#6C5049;
42;40;42.0;40;655;540;#8F6154;
43;40;43.0;40;670;540;#7D543C;
44;40;44.0;40;686;540;#8B5A48;
45;40;45.0;40;701;540;#90604F;
46;40;46.0;40;717;540;#966956;
47;40;47.0;40;733;540;#8A604B;
48;40;48.0;40;748;540;#835B44;
49;40;49.0;40;764;540;#5B3F22;
50;40;50.0;40;779;540;#34260B;
51;40;51.0;40;795;540;#1E1204;
0;41;0.5;41;8;554;#292511;
1;41;1.5;41;23;554;#292612;
2;41;2.5;41;39;554;#1E1707;
3;41;3.5;41;55;554;#1F1507;
4;41;4.5;41;70;554;#201406;
5;41;5.5;41;86;554;#1E1408;
6;41;6.5;41;101;554;#1C1405;
7;41;7.5;41;117;554;#1C1608;
8;41;8.5;41;133;554;#25271C;
9;41;9.5;41;148;554;#26291E;
10;41;10.5;41;164;554;#20190D;
11;41;11.5;41;179;554;#23180A;
12;41;12.5;41;195;554;#231407;
13;41;13.5;41;210;554;#251507;
14;41;14.5;41;226;554;#211405;
15;41;15.5;41;242;554;#211305;
16;41;16.5;41;257;554;#231608;
17;41;17.5;41;273;554;#1E1104;
18;41;18.5;41;288;554;#1C0E05;
19;41;19.5;41;304;554;#1A0C03;
20;41;20.5;41;320;554;#1A1005;
21;41;21.5;41;335;554;#191106;
22;41;22.5;41;351;554;#160F05;
23;41;23.5;41;366;554;#130A04;
24;41;24.5;41;382;554;#170E05;
25;41;25.5;41;398;554;#181106;
26;41;26.5;41;413;554;#1C1607;
27;41;27.5;41;429;554;#251F0D;
28;41;28.5;41;444;554;#27250E;
29;41;29.5;41;460;554;#26220F;
30;41;30.5;41;475;554;#201F0B;
31;41;31.5;41;491;554;#1E1C0A;
32;41;32.5;41;507;554;#1A180A;
33;41;33.5;41;522;554;#171708;
34;41;34.5;41;538;554;#141209;
35;41;35.5;41;553;554;#110F06;
36;41;36.5;41;569;554;#121308;
37;41;37.5;41;585;554;#1C1C11;
38;41;38.5;41;600;554;#7E4A34;
39;41;39.5;41;616;554;#924E39;
40;41;40.5;41;631;554;#6F3D25;
41;41;41.5;41;647;554;#7E5341;
42;41;42.5;41;663;554;#845844;
43;41;43.5;41;678;554;#8E634F;
44;41;44.5;41;694;554;#9A705E;
45;41;45.5;41;709;554;#977162;
46;41;46.5;41;725;554;#95705E;
47;41;47.5;41;740;554;#9B7465;
48;41;48.5;41;756;554;#9B7162;
49;41;49.5;41;772;554;#392311;
50;41;50.5;41;787;554;#170C04;
51;41;51.5;41;803;554;#130B02;
0;42;0.0;42;0;567;#231909;
1;42;1.0;42;16;567;#2A2412;
2;42;2.0;42;31;567;#28210F;
3;42;3.0;42;47;567;#221807;
4;42;4.0;42;62;567;#241909;
5;42;5.0;42;78;567;#221807;
6;42;6.0;42;94;567;#201708;
7;42;7.0;42;109;567;#1F1606;
8;42;8.0;42;125;567;#1F190A;
9;42;9.0;42;140;567;#262114;
10;42;10.0;42;156;567;#251D0C;
11;42;11.0;42;171;567;#271B0A;
12;42;12.0;42;187;567;#291B09;
13;42;13.0;42;203;567;#291B0A;
14;42;14.0;42;218;567;#261A07;
15;42;15.0;42;234;567;#221506;
16;42;16.0;42;249;567;#201305;
17;42;17.0;42;265;567;#201205;
18;42;18.0;42;281;567;#1F1207;
19;42;19.0;42;296;567;#1E1106;
20;42;20.0;42;312;567;#190E04;
21;42;21.0;42;327;567;#140C04;
22;42;22.0;42;343;567;#170D05;
23;42;23.0;42;359;567;#190D06;
24;42;24.0;42;374;567;#191208;
25;42;25.0;42;390;567;#221D0B;
26;42;26.0;42;405;567;#24200E;
27;42;27.0;42;421;567;#2A230E;
28;42;28.0;42;436;567;#2C2813;
29;42;29.0;42;452;567;#2D2813;
30;42;30.0;42;468;567;#27240E;
31;42;31.0;42;483;567;#241F0D;
32;42;32.0;42;499;567;#1E1D0A;
33;42;33.0;42;514;567;#1B190A;
34;42;34.0;42;530;567;#18170B;
35;42;35.0;42;546;567;#121109;
36;42;36.0;42;561;567;#141208;
37;42;37.0;42;577;567;#191A0E;
38;42;38.0;42;592;567;#583C28;
39;42;39.0;42;608;567;#66361C;
40;42;40.0;42;624;567;#663D23;
41;42;41.0;42;639;567;#966F5F;
42;42;42.0;42;655;567;#825B48;
43;42;43.0;42;670;567;#7F543D;
44;42;44.0;42;686;567;#987060;
45;42;45.0;42;701;567;#9A7465;
46;42;46.0;42;717;567;#946E5E;
47;42;47.0;42;733;567;#8C6452;
48;42;48.0;42;748;567;#996F60;
49;42;49.0;42;764;567;#76523C;
50;42;50.0;42;779;567;#241C09;
51;42;51.0;42;795;567;#221B07;
0;43;0.5;43;8;581;#241909;
1;43;1.5;43;23;581;#231E0B;
2;43;2.5;43;39;581;#231A0A;
3;43;3.5;43;55;581;#241808;
4;43;4.5;43;70;581;#231A08;
5;43;5.5;43;86;581;#241808;
6;43;6.5;43;101;581;#221706;
7;43;7.5;43;117;581;#201806;
8;43;8.5;43;133;581;#251C0B;
9;43;9.5;43;148;581;#29200E;
10;43;10.5;43;164;581;#2A200B;
11;43;11.5;43;179;581;#2C1F0A;
12;43;12.5;43;195;581;#2C1E0A;
13;43;13.5;43;210;581;#291E09;
14;43;14.5;43;226;581;#281F0A;
15;43;15.5;43;242;581;#271D08;
16;43;16.5;43;257;581;#271D09;
17;43;17.5;43;273;581;#251A09;
18;43;18.5;43;288;581;#231607;
19;43;19.5;43;304;581;#201405;
20;43;20.5;43;320;581;#1B1307;
21;43;21.5;43;335;581;#1A1406;
22;43;22.5;43;351;581;#161408;
23;43;23.5;43;366;581;#1B170A;
24;43;24.5;43;382;581;#201A09;
25;43;25.5;43;398;581;#211B09;
26;43;26.5;43;413;581;#27210D;
27;43;27.5;43;429;581;#2D2812;
28;43;28.5;43;444;581;#2E2A14;
29;43;29.5;43;460;581;#2D2712;
30;43;30.5;43;475;581;#2A240F;
31;43;31.5;43;491;581;#26200D;
32;43;32.5;43;507;581;#231D0B;
33;43;33.5;43;522;581;#1F1D09;
34;43;34.5;43;538;581;#1A180C;
35;43;35.5;43;553;581;#19170C;
36;43;36.5;43;569;581;#191A0C;
37;43;37.5;43;585;581;#2C2818;
38;43;38.5;43;600;581;#704D37;
39;43;39.5;43;616;581;#7E5B49;
40;43;40.5;43;631;581;#8C6655;
41;43;41.5;43;647;581;#9D7872;
42;43;42.5;43;663;581;#886253;
43;43;43.5;43;678;581;#805B46;
44;43;44.5;43;694;581;#88634E;
45;43;45.5;43;709;581;#835E4A;
46;43;46.5;43;725;581;#73533B;
47;43;47.5;43;740;581;#785841;
48;43;48.5;43;756;581;#684D36;
49;43;49.5;43;772;581;#2E220D;
50;43;50.5;43;787;581;#29200A;
51;43;51.5;43;803;581;#28200C;
0;44;0.0;44;0;594;#221907;
1;44;1.0;44;16;594;#1E1909;
2;44;2.0;44;31;594;#1F1907;
3;44;3.0;44;47;594;#221707;
4;44;4.0;44;62;594;#241708;
5;44;5.0;44;78;594;#261A09;
6;44;6.0;44;94;594;#241C08;
7;44;7.0;44;109;594;#251B09;
8;44;8.0;44;125;594;#261D0A;
9;44;9.0;44;140;594;#281D0C;
10;44;10.0;44;156;594;#2A1F0B;
11;44;11.0;44;171;594;#2C210B;
12;44;12.0;44;187;594;#30250E;
13;44;13.0;44;203;594;#30260F;
14;44;14.0;44;218;594;#2C240F;
15;44;15.0;44;234;594;#2B250F;
16;44;16.0;44;249;594;#2D240F;
17;44;17.0;44;265;594;#291F0A;
18;44;18.0;44;281;594;#271B09;
19;44;19.0;44;296;594;#241607;
20;44;20.0;44;312;594;#201606;
21;44;21.0;44;327;594;#1E1707;
22;44;22.0;44;343;594;#1B1809;
23;44;23.0;44;359;594;#1D1C0C;
24;44;24.0;44;374;594;#221C0B;
25;44;25.0;44;390;594;#241D0B;
26;44;26.0;44;405;594;#251E0A;
27;44;27.0;44;421;594;#2C2510;
28;44;28.0;44;436;594;#2E2913;
29;44;29.0;44;452;594;#2F2914;
30;44;30.0;44;468;594;#2C2510;
31;44;31.0;44;483;594;#29220E;
32;44;32.0;44;499;594;#28210D;
33;44;33.0;44;514;594;#261F0D;
34;44;34.0;44;530;594;#221D0C;
35;44;35.0;44;546;594;#1A190B;
36;44;36.0;44;561;594;#1B1B0C;
37;44;37.0;44;577;594;#1E1F11;
38;44;38.0;44;592;594;#392F1F;
39;44;39.0;44;608;594;#8D6B5C;
40;44;40.0;44;624;594;#825E4F;
41;44;41.0;44;639;594;#7A5943;
42;44;42.0;44;655;594;#7D5842;
43;44;43.0;44;670;594;#7E5946;
44;44;44.0;44;686;594;#896153;
45;44;45.0;44;701;594;#906656;
46;44;46.0;44;717;594;#6C4D36;
47;44;47.0;44;733;594;#392E19;
48;44;48.0;44;748;594;#2A2009;
49;44;49.0;44;764;594;#261F09;
50;44;50.0;44;779;594;#251F09;
51;44;51.0;44;795;594;#261F09;
